{
  "model": "SFMFusion",
  "modal": "SPECT",
  "n_images": 3,
  "timestamp": "20260424_095002",
  "EN": 6.387238248577485,
  "VAR": 66.37669503226941,
  "AG": 14.289717786688414,
  "SF": 51.75648114543478,
  "EI": 123.9534969002076,
  "CE": 3.7696800961730745
}