{
  "model": "CDDFuse-FuseRule-ChannelMoE",
  "modal": "SPECT",
  "n_images": 24,
  "timestamp": "20260503_153821",
  "EN": 5.028067512807813,
  "VAR": 49.898193814714794,
  "AG": 5.693237724319441,
  "SF": 18.19354075920081,
  "EI": 57.37923947801676,
  "MI": 39.92408816019694,
  "NCIE": 0.8132388071165885,
  "MI_mutual": 2.954170430509471,
  "NABF": 0.004245847840054496,
  "FMI": 0.6418520752308687,
  "CE": 1.169726742641134,
  "SSIM": 1.4224126942184043,
  "PSNR": 58.17078531540157,
  "RMSE": 0.10011323214393963,
  "QG": 0.7414358415817727,
  "QM": 0.01257889341407766,
  "QC": 0.6323055947570024,
  "QS": 0.5411786086527776,
  "QCB": 0.8802361430245152,
  "QCV": 44.97436438090804,
  "QY": 0.9616255820154033,
  "QMI": 0.9790888976782602,
  "QSF": 0.20348714098447282,
  "QNCIE": 0.8132388071165885,
  "QTE": -11.103152015478537
}