{
  "model": "CDDFuse-FuseRule-ChannelMoE",
  "modal": "PET",
  "n_images": 24,
  "timestamp": "20260503_153450",
  "EN": 5.704141064317354,
  "VAR": 75.21406225119487,
  "AG": 10.046818764996496,
  "SF": 30.61278669513096,
  "EI": 101.96346038051558,
  "MI": 67.39568710327148,
  "NCIE": 0.8098598925582022,
  "MI_mutual": 2.4481086993812764,
  "NABF": 0.013072669186953592,
  "FMI": 0.6149588961653456,
  "CE": 1.1599947497579428,
  "SSIM": 1.3865622831393118,
  "PSNR": 55.82171008840416,
  "RMSE": 0.17079296269212454,
  "QG": 0.714399859816853,
  "QM": 0.006558467245971163,
  "QC": 0.6458664755851602,
  "QS": 0.5911606973042586,
  "QCB": 0.8962798304648913,
  "QCV": 81.15628193536038,
  "QY": 0.9402149733686418,
  "QMI": 0.7282988896034258,
  "QSF": 0.15996886254618695,
  "QNCIE": 0.8098598925582022,
  "QTE": -5.478987778609661
}