{
  "model": "CDDFuse-FuseRule-ChannelMoE",
  "modal": "CT",
  "n_images": 24,
  "timestamp": "20260503_153132",
  "EN": 4.655412447869611,
  "VAR": 74.84134415732348,
  "AG": 8.805022712677967,
  "SF": 38.23828739675535,
  "EI": 87.8414490474385,
  "MI": 57.67813301086426,
  "NCIE": 0.8073568226669687,
  "MI_mutual": 2.1887808151585406,
  "NABF": 0.024698359814108353,
  "FMI": 0.6691388126868821,
  "CE": 1.5816498643518633,
  "SSIM": 1.4688084726957376,
  "PSNR": 55.380953762454055,
  "RMSE": 0.18889243117608892,
  "QG": 0.6104647883331923,
  "QM": 0.003964444166437413,
  "QC": 0.4628511772701485,
  "QS": 0.3884614739632864,
  "QCB": 0.7896657479144652,
  "QCV": 661.8754964730808,
  "QY": 0.9166834877156446,
  "QMI": 0.7966139176922645,
  "QSF": 0.021558066040208008,
  "QNCIE": 0.8073568226669687,
  "QTE": -8.49249853735177
}