{
  "model": "CMMDL",
  "modal": "CT",
  "n_images": 24,
  "timestamp": "20260423_235710",
  "EN": 5.180275181168782,
  "VAR": 84.62757369668604,
  "AG": 9.233591261695064,
  "SF": 37.143274182850305,
  "EI": 91.4909192720706,
  "MI": 73.518980662028,
  "NCIE": 0.806535509014975,
  "MI_mutual": 1.9981738349647138,
  "NABF": 0.021324705475912014,
  "FMI": 0.18896864838632035,
  "CE": 4.173288369706764,
  "SSIM": 1.2469508779113199,
  "PSNR": 54.88246494591916,
  "RMSE": 0.21177133141909563,
  "QG": 0.6162417091253186,
  "QM": 0.004836733487909643,
  "QC": 0.44891555448834747,
  "QS": 0.3777151879790814,
  "QCB": 0.8102399372245396,
  "QCV": 643.7395427054813,
  "QY": 0.8030784345401424,
  "QMI": 0.68149048424544,
  "QSF": 0.040565181202926535,
  "QNCIE": 0.806535509014975,
  "QTE": -8.872590292147967
}