{
  "model": "CMMDL",
  "modal": "SPECT",
  "n_images": 24,
  "timestamp": "20260424_000508",
  "EN": 5.589349189232412,
  "VAR": 70.57408804420324,
  "AG": 7.7553796775931785,
  "SF": 24.228464096887535,
  "EI": 77.90348375788567,
  "MI": 59.707404454549156,
  "NCIE": 0.8093793159466344,
  "MI_mutual": 2.4375052173939284,
  "NABF": 0.03951889730509256,
  "FMI": 0.2611021539176868,
  "CE": 5.320870058099342,
  "SSIM": 0.9712217949839541,
  "PSNR": 56.42581010920107,
  "RMSE": 0.14883271499067818,
  "QG": 0.7357958024752979,
  "QM": 0.029413544397463114,
  "QC": 0.553315903080011,
  "QS": 0.4828836681098642,
  "QCB": 0.8788492385100053,
  "QCV": 48.02722252626338,
  "QY": 0.7192559222460208,
  "QMI": 0.7544931003966097,
  "QSF": 0.060621387772705516,
  "QNCIE": 0.8093793159466341,
  "QTE": -11.073627370639445
}