{
  "model": "CMMDL",
  "modal": "PET",
  "n_images": 24,
  "timestamp": "20260424_000112",
  "EN": 5.896413564701315,
  "VAR": 90.99631979445148,
  "AG": 12.022817635847963,
  "SF": 36.256818158561636,
  "EI": 122.00322167497582,
  "MI": 85.91260592142741,
  "NCIE": 0.8087797371164748,
  "MI_mutual": 2.2891533896826646,
  "NABF": 0.017836805049058047,
  "FMI": 0.2604981282829609,
  "CE": 4.873303060113792,
  "SSIM": 1.2237554928309302,
  "PSNR": 54.92489529746911,
  "RMSE": 0.20974172928275014,
  "QG": 0.7463649586637988,
  "QM": 0.0271702024090995,
  "QC": 0.5914705304410622,
  "QS": 0.5378721638147076,
  "QCB": 0.8954888632910345,
  "QCV": 62.632944672062,
  "QY": 0.8570622582607266,
  "QMI": 0.6682048552632263,
  "QSF": 0.008386776280894806,
  "QNCIE": 0.8087797371164748,
  "QTE": -5.558271505767255
}