{
  "model": "MM-Net-Fusion",
  "modal": "SPECT",
  "n_images": 10,
  "timestamp": "20260424_093349",
  "EN": 5.173700361508476,
  "VAR": 57.70688738549693,
  "AG": 6.516197471487132,
  "SF": 20.012518497085445,
  "EI": 65.58145468016754,
  "NCIE": 0.813851901255292,
  "MI_mutual": 3.0657865050260957,
  "NABF": 0.00011075956388096682,
  "FMI": 0.6324743852265866,
  "CE": 1.3068787566594093,
  "SSIM": 1.406534894546511,
  "PSNR": 58.304477666335984,
  "RMSE": 0.09740748212766698,
  "QG": 0.7670212085267117,
  "QM": 0.050306577672913,
  "QC": 0.7275418887460685,
  "QS": 0.6240613102089068,
  "QCB": 0.9156220648339415,
  "QCV": 27.045835025791728,
  "QY": 0.9910145009165581,
  "QMI": 0.9640951687816421,
  "QSF": 0.11577331190676672,
  "QNCIE": 0.813851901255292,
  "QTE": -4.620839197839632
}