Image,QC,QG,QM,QCB,QCV,QMI,QNCIE,QP,QS,QSF,QTE,QY
16003.png,0.2401549426399779,0.19373053,0.008187346,0.9910573741329839,132359.36950479157,0.5735811123037026,0.8038207441497243,15665206.211210491,0.2135100254543579,0.03257713892912342,-0.9556963701909514,0.6938000696043812
16004.png,0.25506162412700945,0.20294075,0.006269488,1.009684464893083,142642.97360809988,0.563846197761018,0.8039881868407038,15223011.398051918,0.22970428710248028,0.025504246062329306,-0.9350172412742908,0.684138540530709
16005.png,0.24691682725758574,0.21037853,0.005604705,1.0091105191172682,144143.0349168297,0.5820318226271832,0.8041636061652746,16840000.37435849,0.2171238456773177,0.031074860645403775,-0.9320323833877725,0.6850983887712672
16006.png,0.26677296670090195,0.21700867,0.006546996,1.02876584875734,145122.38184797717,0.5719385084248152,0.8043415398209863,16782128.232029717,0.2346405106611308,0.015364077572701588,-0.9113401794199602,0.6892946314708843
16007.png,0.27210199198524354,0.21677367,0.010308896,1.027179767855556,144465.4679031776,0.5923920946821915,0.8045983440574409,18220006.60272604,0.2432763767397232,0.02064131292203678,-0.8915266667980644,0.7144513586670995

Average,0.25620167054214377,0.20816642940044403,0.00738348625600338,1.0131595949512462,141746.64555617518,0.576757947159782,0.8041824842068259,16546070.563675333,0.22765100912700195,0.025032327226318974,-0.9251225682142079,0.6933565978088683
