{
  "model": "CDDFuse-Combined-Gated-Saliency",
  "modal": "CT",
  "n_images": 21,
  "timestamp": "20260512_134157",
  "EN": 4.177743240982478,
  "VAR": 67.89622670220777,
  "AG": 8.437644556117846,
  "SF": 36.87010627472784,
  "EI": 84.19597278881206,
  "MI": 47.02373322986421,
  "NCIE": 0.8061603782886951,
  "MI_mutual": 1.8953068021548167,
  "NABF": 0.03002006025020581,
  "FMI": 0.7123066236208542,
  "CE": 1.5560543843086232,
  "SSIM": 1.4907371081568273,
  "PSNR": 55.35061802743935,
  "RMSE": 0.1917606688010975,
  "QG": 0.6223577904013825,
  "QM": 0.005066957025389586,
  "QC": 0.3925236558042103,
  "QS": 0.3398064780639049,
  "QCB": 0.7142951865372578,
  "QCV": 583.4725502925409,
  "QY": 0.9072943741086524,
  "QMI": 0.7935390562970264,
  "QSF": 0.030675046222931518,
  "QNCIE": 0.8061603782886951,
  "QTE": -7.934254915651168
}