{
  "model": "CDDFuse-Combined-Gated-Saliency",
  "modal": "SPECT",
  "n_images": 24,
  "timestamp": "20260512_215605",
  "EN": 4.959426233239175,
  "VAR": 53.852736936005876,
  "AG": 6.8048156834723805,
  "SF": 21.90381126248779,
  "EI": 68.62378111839399,
  "MI": 40.49198786417643,
  "NCIE": 0.8108051552395601,
  "MI_mutual": 2.7273689330063036,
  "NABF": 0.019819739545012694,
  "FMI": 0.6540876637160538,
  "CE": 1.0405660945249893,
  "SSIM": 1.403475852789195,
  "PSNR": 57.653551442807554,
  "RMSE": 0.11230479830679198,
  "QG": 0.7503513244903518,
  "QM": 0.07765400645314209,
  "QC": 0.6411198869344656,
  "QS": 0.5414694426621186,
  "QCB": 0.8801843057197135,
  "QCV": 39.14592075920252,
  "QY": 0.9812681504114851,
  "QMI": 0.9099451151953272,
  "QSF": 0.04402814127469059,
  "QNCIE": 0.8108051552395601,
  "QTE": -11.11996637651825
}