{
  "model": "CDDFuse-Combined-Gated-Saliency",
  "modal": "SPECT",
  "n_images": 73,
  "timestamp": "20260512_134533",
  "EN": 4.625296452360735,
  "VAR": 53.0542615842931,
  "AG": 6.1091491279554075,
  "SF": 19.910996855604704,
  "EI": 61.60721274059271,
  "MI": 37.42372005932952,
  "NCIE": 0.8102815599638336,
  "MI_mutual": 2.607940641265021,
  "NABF": 0.023504803122191244,
  "FMI": 0.6773496184423394,
  "CE": 0.9673072569349684,
  "SSIM": 1.452309431457463,
  "PSNR": 57.79188010846771,
  "RMSE": 0.11040034512401059,
  "QG": 0.7655724723605026,
  "QM": 0.0808236030479,
  "QC": 0.6266452038137182,
  "QS": 0.5373336618050355,
  "QCB": 0.8670221926631818,
  "QCV": 35.843940257438064,
  "QY": 0.9823654070519168,
  "QMI": 0.9422475040167029,
  "QSF": 0.04945004590520911,
  "QNCIE": 0.8102815599638336,
  "QTE": -13.758817923407719
}