{
  "model": "CDDFuse-Combined-Gated-Saliency",
  "modal": "PET",
  "n_images": 24,
  "timestamp": "20260512_215456",
  "EN": 5.485453264955349,
  "VAR": 76.71133322180678,
  "AG": 11.221854210205407,
  "SF": 34.445676564613414,
  "EI": 114.09823186269345,
  "MI": 67.35919253031413,
  "NCIE": 0.8113789893826833,
  "MI_mutual": 2.617505800912484,
  "NABF": 0.014293671718209217,
  "FMI": 0.635844760016156,
  "CE": 1.1896465189540624,
  "SSIM": 1.3187873457833272,
  "PSNR": 55.189505173315354,
  "RMSE": 0.1973207404621946,
  "QG": 0.7608259406276874,
  "QM": 0.11146974010138887,
  "QC": 0.6514095664352285,
  "QS": 0.5417396830582025,
  "QCB": 0.8961684607844186,
  "QCV": 83.79904556313956,
  "QY": 0.9794124017408324,
  "QMI": 0.7942457502072698,
  "QSF": 0.0557153789980856,
  "QNCIE": 0.8113789893826833,
  "QTE": -5.68841651405135
}