{
  "model": "CDDFuse-Combined-Gated-Saliency",
  "modal": "PET",
  "n_images": 42,
  "timestamp": "20260512_134316",
  "EN": 5.463711948390156,
  "VAR": 76.19427624198308,
  "AG": 11.391803221386791,
  "SF": 34.94746416700631,
  "EI": 115.65071202835203,
  "MI": 66.44470687139602,
  "NCIE": 0.8118400662183176,
  "MI_mutual": 2.619743485613992,
  "NABF": 0.011266919395987972,
  "FMI": 0.6387809152791426,
  "CE": 1.2201619811038174,
  "SSIM": 1.3166475936961068,
  "PSNR": 55.165203898085274,
  "RMSE": 0.19852159124807903,
  "QG": 0.7860943403825227,
  "QM": 0.12429833287994067,
  "QC": 0.6514088070082007,
  "QS": -0.3245737484394008,
  "QCB": 0.9001991549591365,
  "QCV": 73.56306419082173,
  "QY": 0.981552218824565,
  "QMI": 0.7999769051604737,
  "QSF": 0.050643581774200745,
  "QNCIE": 0.8118400662183176,
  "QTE": -6.132138575387097
}