{
  "model": "CDDFuse-Combined-Gated-Saliency",
  "modal": "CT",
  "n_images": 24,
  "timestamp": "20260512_215345",
  "EN": 4.641972346233467,
  "VAR": 67.89284453065731,
  "AG": 9.473328043391986,
  "SF": 39.76523479297719,
  "EI": 94.34483265665902,
  "MI": 51.52567609151205,
  "NCIE": 0.8076038627606216,
  "MI_mutual": 2.2054026170921674,
  "NABF": 0.029629516893507023,
  "FMI": 0.6820164203983324,
  "CE": 1.5665315912624436,
  "SSIM": 1.4416865545439486,
  "PSNR": 55.37264543935694,
  "RMSE": 0.18926402626580754,
  "QG": 0.6196323002324838,
  "QM": 0.005012169092455832,
  "QC": 0.4626533872475352,
  "QS": 0.3776611450874359,
  "QCB": 0.7844200720927947,
  "QCV": 751.9198960148045,
  "QY": 0.9142582284081756,
  "QMI": 0.799415639063145,
  "QSF": 0.03774211589825618,
  "QNCIE": 0.8076038627606215,
  "QTE": -8.478170847366878
}