{
  "model": "CDDFuse-Combined-Gated-Saliency",
  "modal": "PET",
  "n_images": 24,
  "timestamp": "20260505_010109",
  "EN": 5.706249120097098,
  "VAR": 73.33832203741083,
  "AG": 10.205101071509098,
  "SF": 31.80982679249972,
  "EI": 103.34762988253294,
  "MI": 65.8974838256836,
  "NCIE": 0.8088461982230708,
  "MI_mutual": 2.3029817145796323,
  "NABF": 0.006066937465305918,
  "FMI": 0.6022645412933842,
  "CE": 1.1641377943043187,
  "SSIM": 1.3903786301251813,
  "PSNR": 55.75543719601186,
  "RMSE": 0.1733926681991401,
  "QG": 0.7134780612750183,
  "QM": 0.012081991299055517,
  "QC": 0.6342688955770789,
  "QS": 0.5796177484180345,
  "QCB": 0.8962625676303597,
  "QCV": 63.035574194943386,
  "QY": 0.9409354514671641,
  "QMI": 0.6863741323079534,
  "QSF": 0.12771445330823106,
  "QNCIE": 0.8088461982230708,
  "QTE": -5.950619593444681
}