{
  "model": "CDDFuse-Combined-Gated-Saliency",
  "modal": "CT",
  "n_images": 24,
  "timestamp": "20260505_010015",
  "EN": 4.669887771693403,
  "VAR": 73.11923904155746,
  "AG": 8.554139826910196,
  "SF": 36.921381697783865,
  "EI": 85.52269903126431,
  "MI": 55.55343691507975,
  "NCIE": 0.8071803288928286,
  "MI_mutual": 2.1585699458680154,
  "NABF": 0.021877062958151738,
  "FMI": 0.6686903942952424,
  "CE": 1.6218423777653619,
  "SSIM": 1.4678906749036489,
  "PSNR": 55.367710607098616,
  "RMSE": 0.1894725915080515,
  "QG": 0.6062022894934748,
  "QM": 0.003966566941623266,
  "QC": 0.4597703037941335,
  "QS": 0.38475116341785814,
  "QCB": 0.7918042311336758,
  "QCV": 650.6423683961242,
  "QY": 0.9138622432352909,
  "QMI": 0.7848138997167086,
  "QSF": 0.041442281830339066,
  "QNCIE": 0.8071803288928286,
  "QTE": -8.371072269557457
}