{
  "model": "CDDFuse-Combined-Gated-Saliency",
  "modal": "SPECT",
  "n_images": 24,
  "timestamp": "20260505_010202",
  "EN": 5.046632802642168,
  "VAR": 49.43244072083345,
  "AG": 6.016458033098663,
  "SF": 19.471945922246732,
  "EI": 60.5072155770899,
  "MI": 38.53955523173014,
  "NCIE": 0.8116382947623589,
  "MI_mutual": 2.7575364573477894,
  "NABF": 0.005049487931275486,
  "FMI": 0.6330667256079755,
  "CE": 1.2004530684307866,
  "SSIM": 1.412645555134695,
  "PSNR": 58.034293251066025,
  "RMSE": 0.10326284779119875,
  "QG": 0.7433918528395576,
  "QM": 0.02013992906237642,
  "QC": 0.6233474429682878,
  "QS": 0.5297168913209979,
  "QCB": 0.8802330861544373,
  "QCV": 39.20438142903445,
  "QY": 0.9583559177181463,
  "QMI": 0.9145142878091667,
  "QSF": 0.14934309233160734,
  "QNCIE": 0.8116382947623588,
  "QTE": -11.506189045725657
}