{
  "model": "WaveFusion",
  "modal": "SPECT",
  "n_images": 24,
  "timestamp": "20260424_040032",
  "EN": 4.205839840679658,
  "MI": 39.29173278808594,
  "VAR": 54.54589000332951,
  "AG": 4.478653292909503,
  "SF": 16.043434839893692,
  "EI": 45.6188474699419,
  "NCIE": 0.8058699805722421,
  "MI_mutual": 1.8878703371263221,
  "NABF": 0.014718232745288185,
  "FMI": 0.6391787449782624,
  "CE": 1.055073048915915,
  "SSIM": 1.43677426557543,
  "PSNR": 57.80576696341752,
  "RMSE": 0.10932163888160985,
  "QG": 0.4646699919106075,
  "QM": 0.0037554692295716737,
  "QC": 0.3664332064549128,
  "QS": 0.3309168779088556,
  "QCB": 0.7123927585107284,
  "QCV": 181.6129299591997,
  "QY": 0.8985408236867088,
  "QMI": 0.7033005879326947,
  "QSF": 0.2922685147332358,
  "QNCIE": 0.8058699805722421,
  "QTE": -9.216539753588103
}