{
  "model": "WaveFusion",
  "modal": "CT",
  "n_images": 24,
  "timestamp": "20260424_035251",
  "EN": 5.115675213572204,
  "MI": 70.08042271931966,
  "VAR": 83.34613604460377,
  "AG": 8.501674795063694,
  "SF": 34.76096350571535,
  "EI": 85.73155135413047,
  "NCIE": 0.8066117384474957,
  "MI_mutual": 2.0327278763903283,
  "NABF": 0.015542513696426577,
  "FMI": 0.17750293488492266,
  "CE": 4.117314834298653,
  "SSIM": 1.321790818645145,
  "PSNR": 55.07481443221679,
  "RMSE": 0.2027813501072183,
  "QG": 0.6251160021017955,
  "QM": 0.004607452032221423,
  "QC": 0.4617968140520499,
  "QS": 0.38443385955633574,
  "QCB": 0.8105122485820607,
  "QCV": 596.4966421247835,
  "QY": 0.8464848560435606,
  "QMI": 0.7010170748807556,
  "QSF": 0.09322545950494038,
  "QNCIE": 0.8066117384474957,
  "QTE": -8.482922521101239
}