{
  "model": "WaveFusion",
  "modal": "PET",
  "n_images": 24,
  "timestamp": "20260424_035642",
  "EN": 3.2618605369400213,
  "MI": 43.32967440287272,
  "VAR": 74.21512593172578,
  "AG": 3.8112466186122873,
  "SF": 16.211216484498,
  "EI": 39.76758180878256,
  "NCIE": 0.8048915119019391,
  "MI_mutual": 1.573823479099378,
  "NABF": 0.013955218012430883,
  "FMI": 0.6342627331907741,
  "CE": 0.8580147668484702,
  "SSIM": 1.3608531678089555,
  "PSNR": 55.44352195172826,
  "RMSE": 0.18625927087503147,
  "QG": 0.2028052712587172,
  "QM": 0.0013094217940374474,
  "QC": 0.23074437978512485,
  "QS": 0.19850189280162392,
  "QCB": 0.5913258812140949,
  "QCV": 936.8222351884768,
  "QY": 0.8991791190419652,
  "QMI": 0.6986182673222189,
  "QSF": 0.549502121573637,
  "QNCIE": 0.8048915119019391,
  "QTE": -4.741758747502548
}