{
  "model": "TUFusion",
  "modal": "SPECT",
  "n_images": 24,
  "timestamp": "20260424_034900",
  "EN": 4.013252621841902,
  "MI": 36.429260889689125,
  "VAR": 50.221270459336104,
  "AG": 3.45441872341784,
  "SF": 12.72083390869492,
  "EI": 35.63075245424756,
  "NCIE": 0.8054998648877433,
  "MI_mutual": 1.764358181442607,
  "NABF": 0.01622194847897494,
  "FMI": 0.6059521050643126,
  "CE": 1.0619620730254924,
  "SSIM": 1.3874750717102708,
  "PSNR": 57.56238423364717,
  "RMSE": 0.1162252971036135,
  "QG": 0.23316634109046563,
  "QM": 0.0017053078468880828,
  "QC": 0.3010407668663686,
  "QS": 0.2666401207509665,
  "QCB": 0.6895466421666031,
  "QCV": 253.56972381201254,
  "QY": 0.8435484204558,
  "QMI": 0.6775242230169866,
  "QSF": 0.434949276046183,
  "QNCIE": 0.8054998648877433,
  "QTE": -8.5381952293963
}