{
  "model": "TUFusion",
  "modal": "CT",
  "n_images": 24,
  "timestamp": "20260424_034056",
  "EN": 5.856402587144746,
  "MI": 64.33949915568034,
  "VAR": 62.158899176711564,
  "AG": 6.704501672813845,
  "SF": 22.549202893946333,
  "EI": 67.4782591528828,
  "NCIE": 0.8058833474161422,
  "MI_mutual": 1.8369175289525213,
  "NABF": 0.004429408323599515,
  "FMI": 0.305750157016305,
  "CE": 2.5468179292583177,
  "SSIM": 0.9493351111048568,
  "PSNR": 55.57073613085047,
  "RMSE": 0.18277017426238693,
  "QG": 0.351901091888406,
  "QM": 0.0009585944365544118,
  "QC": 0.3308495627356249,
  "QS": 0.29973096414078343,
  "QCB": 0.8011451968945259,
  "QCV": 573.2925903128959,
  "QY": 0.5583287716373931,
  "QMI": 0.5916874503974268,
  "QSF": 0.40784137907371676,
  "QNCIE": 0.8058833474161422,
  "QTE": -7.581436135771594
}