{
  "model": "TUFusion",
  "modal": "PET",
  "n_images": 24,
  "timestamp": "20260424_034456",
  "EN": 3.2363726615125565,
  "MI": 42.10180854797363,
  "VAR": 72.57173781445351,
  "AG": 3.0330044899747186,
  "SF": 13.13901669871445,
  "EI": 32.383291253441044,
  "NCIE": 0.8049937043923188,
  "MI_mutual": 1.5902952414710125,
  "NABF": 0.006568680932250625,
  "FMI": 0.6305753641491919,
  "CE": 0.8588991779090183,
  "SSIM": 1.364749933498149,
  "PSNR": 55.43462343225968,
  "RMSE": 0.1869127896936791,
  "QG": 0.16787934303531404,
  "QM": 0.0011814631115427416,
  "QC": 0.22743173077567078,
  "QS": 0.19047743929293937,
  "QCB": 0.5924118443477487,
  "QCV": 936.2433378846102,
  "QY": 0.9059396876763025,
  "QMI": 0.7109438168924868,
  "QSF": 0.6314338636733946,
  "QNCIE": 0.8049937043923188,
  "QTE": -4.616865721415566
}