{
  "model": "MMAE",
  "modal": "SPECT",
  "n_images": 10,
  "timestamp": "20260424_094339",
  "EN": 4.018349220236345,
  "VAR": 47.74652315991938,
  "AG": 6.056248229667964,
  "SF": 24.912512321830885,
  "EI": 61.1611143022197,
  "NCIE": 0.8051340866808927,
  "MI_mutual": 1.6788863202850213,
  "NABF": 0.0772833045899057,
  "FMI": 0.4974063354155912,
  "CE": 1.1548334208034476,
  "SSIM": 1.191052040026571,
  "PSNR": 56.33135378152451,
  "RMSE": 0.1524891028345269,
  "QG": 0.29686027288335737,
  "QM": 0.0013380678833452195,
  "QC": 0.26225060524851884,
  "QS": 0.20583631402387598,
  "QCB": 0.8970924261451495,
  "QCV": 467.9898736493121,
  "QY": 0.8192073874576093,
  "QMI": 0.6261760464765325,
  "QSF": 0.11483463492322013,
  "QNCIE": 0.8051340866808927,
  "QTE": -6.009179157791639
}