{
  "model": "PSFusion",
  "modal": "SPECT",
  "n_images": 10,
  "timestamp": "20260424_094603",
  "EN": 5.930674083222836,
  "VAR": 76.78026704470695,
  "AG": 6.786261082629634,
  "SF": 21.073479334288642,
  "EI": 69.34504154140123,
  "NCIE": 0.8074477433459448,
  "MI_mutual": 2.227187228945288,
  "NABF": 0.02592595751404723,
  "FMI": 0.27011333545162686,
  "CE": 2.654865201352576,
  "SSIM": 0.9306215587384097,
  "PSNR": 55.52906053870073,
  "RMSE": 0.18208004199721423,
  "QG": 0.6639021023282685,
  "QM": 0.035905837739421236,
  "QC": 0.5660662407723296,
  "QS": 0.520502911606523,
  "QCB": 0.9180045243543999,
  "QCV": 55.26342827695282,
  "QY": 0.6810129026859324,
  "QMI": 0.6549521299781121,
  "QSF": 0.06334320151322863,
  "QNCIE": 0.8074477433459448,
  "QTE": -5.534054400925023
}