{
  "model": "SFMFusion",
  "modal": "PET",
  "n_images": 3,
  "timestamp": "20260424_094841",
  "EN": 5.752003786971213,
  "VAR": 77.04240320778696,
  "AG": 24.621747099797272,
  "SF": 96.36638523431571,
  "EI": 193.08344050884307,
  "CE": 4.931191005868169
}