{
  "model": "AWFusion",
  "modal": "PET",
  "n_images": 24,
  "timestamp": "20260423_232150",
  "EN": 7.090497842801072,
  "MI": 88.7819709777832,
  "VAR": 83.76717265875033,
  "AG": 10.5829510883016,
  "SF": 31.856017356943283,
  "EI": 108.44993401764252,
  "NCIE": 0.8053681145689838,
  "MI_mutual": 1.7073439913569637,
  "NABF": 0.010306094660605171,
  "FMI": 0.23193331229205902,
  "CE": 3.350640898506714,
  "SSIM": 1.0378588472426153,
  "PSNR": 55.27875311077747,
  "RMSE": 0.19304555741297783,
  "QG": 0.6435512235196609,
  "QM": 0.006601879578988408,
  "QC": 0.5531283826176856,
  "QS": 0.542143917446444,
  "QCB": 0.8866259209120585,
  "QCV": 89.36296372763728,
  "QY": 0.8607091436031471,
  "QMI": 0.44936165087891355,
  "QSF": 0.11442129688685258,
  "QNCIE": 0.8053681145689838,
  "QTE": -6.442043642310417
}