{
  "model": "AWFusion",
  "modal": "SPECT",
  "n_images": 24,
  "timestamp": "20260423_233219",
  "EN": 6.405000918703867,
  "MI": 63.27824719746908,
  "VAR": 61.31861066468338,
  "AG": 6.707633295484745,
  "SF": 20.743645375313523,
  "EI": 67.04406071769453,
  "NCIE": 0.8062325538257514,
  "MI_mutual": 1.950644362714091,
  "NABF": 0.022765665630625254,
  "FMI": 0.22679890331984717,
  "CE": 1.6198763610338522,
  "SSIM": 1.0932025317608802,
  "PSNR": 57.02553650852224,
  "RMSE": 0.1293904851364577,
  "QG": 0.626018094370017,
  "QM": 0.011294469571260875,
  "QC": 0.5159813216103912,
  "QS": 0.512255307465435,
  "QCB": 0.8703287710477525,
  "QCV": 54.780969720151376,
  "QY": 0.9061228391724443,
  "QMI": 0.5592830668735815,
  "QSF": 0.08604190727389831,
  "QNCIE": 0.8062325538257514,
  "QTE": -11.896012630799666
}