{
  "model": "AWFusion",
  "modal": "CT",
  "n_images": 24,
  "timestamp": "20260423_233008",
  "EN": 6.7476375763406615,
  "MI": 75.45339775085449,
  "VAR": 79.04576761745882,
  "AG": 7.732576859992278,
  "SF": 27.16661948193233,
  "EI": 78.93302707075755,
  "NCIE": 0.8059052429448914,
  "MI_mutual": 1.8408752000667807,
  "NABF": 0.017375704676833678,
  "FMI": 0.17133688099676667,
  "CE": 6.342991515591937,
  "SSIM": 0.7317712880432694,
  "PSNR": 55.08448104982157,
  "RMSE": 0.2022947407797265,
  "QG": 0.4625849921333765,
  "QM": 0.0015134353800222236,
  "QC": 0.4000786609958214,
  "QS": 0.34257915637319764,
  "QCB": 0.8137441401118491,
  "QCV": 526.1235994578323,
  "QY": 0.49901986263696285,
  "QMI": 0.5311420679130455,
  "QSF": 0.2818719443165344,
  "QNCIE": 0.8059052429448913,
  "QTE": -7.848557140690399
}