{
  "model": "MBHFuse",
  "modal": "CT",
  "n_images": 10,
  "timestamp": "20260424_010031",
  "EN": 5.172600917726831,
  "VAR": 81.92099901529596,
  "AG": 9.167619403950404,
  "SF": 37.71855638636433,
  "EI": 88.9082986792705,
  "MI": 73.99478149414062,
  "NCIE": 0.8064049282993425,
  "MI_mutual": 1.9677008417038935,
  "NABF": 0.01643555608555298,
  "FMI": 0.18672315363590228,
  "CE": 8.092103719684664,
  "SSIM": 0.7369490372967067,
  "PSNR": 54.84168696043357,
  "RMSE": 0.21416258138959465,
  "QG": 0.6069050136324761,
  "QM": 0.004768261375305115,
  "QC": 0.42996423570108433,
  "QS": 0.3686602246137527,
  "QCB": 0.7802590791551098,
  "QCV": 855.1925360203182,
  "QY": 0.5326391632320543,
  "QMI": 0.6792414331501301,
  "QSF": 0.07881139276672072,
  "QNCIE": 0.8064049282993425,
  "QTE": -9.1687886317393
}