{
  "model": "MBHFuse",
  "modal": "PET",
  "n_images": 10,
  "timestamp": "20260424_010124",
  "EN": 5.744346935354306,
  "VAR": 88.979308539533,
  "AG": 12.339780400111875,
  "SF": 38.71069805488567,
  "EI": 122.48678491925932,
  "MI": 82.66271667480468,
  "NCIE": 0.8089271762493283,
  "MI_mutual": 2.2794922560523725,
  "NABF": 0.021555698508602287,
  "FMI": 0.2533088683158312,
  "CE": 1.4816692086098333,
  "SSIM": 0.8653231884849564,
  "PSNR": 55.10426771426499,
  "RMSE": 0.20102517040518264,
  "QG": 0.7664508736166074,
  "QM": 0.04956574138063145,
  "QC": 0.5787575699525035,
  "QS": -0.4053669770200573,
  "QCB": 0.8974939608192543,
  "QCV": 72.37650757206951,
  "QY": 0.6825168384960234,
  "QMI": 0.6878526958471178,
  "QSF": 0.006192070039415657,
  "QNCIE": 0.8089271762493283,
  "QTE": -7.19811800382413
}