{
  "model": "MBHFuse",
  "modal": "SPECT",
  "n_images": 10,
  "timestamp": "20260424_010218",
  "EN": 5.824719931386776,
  "VAR": 68.82899218602634,
  "AG": 7.357756568556003,
  "SF": 22.598383627053103,
  "EI": 73.53884647962646,
  "MI": 62.870233154296876,
  "NCIE": 0.8097578710607299,
  "MI_mutual": 2.5225499343328797,
  "NABF": 0.03103677086737721,
  "FMI": 0.29770752037691917,
  "CE": 1.0984495385829653,
  "SSIM": 0.9559048494760637,
  "PSNR": 56.46536715570229,
  "RMSE": 0.14707195166171325,
  "QG": 0.7478999243161656,
  "QM": 0.0982221561108799,
  "QC": 0.6150450770295414,
  "QS": 0.5354240308658827,
  "QCB": 0.9165038979132853,
  "QCV": 38.04571888743139,
  "QY": 0.7363343395884479,
  "QMI": 0.7426493851567891,
  "QSF": 0.011098397150704898,
  "QNCIE": 0.8097578710607299,
  "QTE": -5.5914611900173705
}