{
  "model": "PSFusion",
  "modal": "PET",
  "n_images": 10,
  "timestamp": "20260424_094519",
  "EN": 6.057955497711698,
  "VAR": 87.09315461155757,
  "AG": 10.199525276363502,
  "SF": 33.174523630645695,
  "EI": 104.10137854095288,
  "NCIE": 0.8070459082727514,
  "MI_mutual": 2.1031245158047795,
  "NABF": 0.0117915165937417,
  "FMI": 0.23310160055672835,
  "CE": 5.7479980392098025,
  "SSIM": 0.7372883217162961,
  "PSNR": 55.00229361091219,
  "RMSE": 0.20584169470386474,
  "QG": 0.6797214813891521,
  "QM": 0.013457676790585005,
  "QC": 0.5256530391511759,
  "QS": 0.48526590067999925,
  "QCB": 0.8944810168980222,
  "QCV": 85.82483686060188,
  "QY": 0.5886607545605809,
  "QMI": 0.6230180361009326,
  "QSF": 0.1324015410466003,
  "QNCIE": 0.8070459082727514,
  "QTE": -8.240640751388518
}