{
  "model": "CDDFuse-Combined-Gated-Learnable",
  "modal": "SPECT",
  "n_images": 73,
  "timestamp": "20260512_192635",
  "EN": 4.604619862933276,
  "VAR": 52.84307238089821,
  "AG": 6.080605131892907,
  "SF": 19.840929000258996,
  "EI": 61.32900833945552,
  "MI": 37.15934293564052,
  "NCIE": 0.8103150503170852,
  "MI_mutual": 2.6130955022791746,
  "NABF": 0.022830302698619527,
  "FMI": 0.675951862241624,
  "CE": 0.9811938304921727,
  "SSIM": 1.4530349426780327,
  "PSNR": 57.795672179574964,
  "RMSE": 0.11028912324854827,
  "QG": 0.7655613321767294,
  "QM": 0.08125336830542512,
  "QC": 0.6232127409804322,
  "QS": 0.5338577830376233,
  "QCB": 0.8670384042171176,
  "QCV": 35.63495961145158,
  "QY": 0.9820359676469952,
  "QMI": 0.9466800198190329,
  "QSF": 0.0506078433003634,
  "QNCIE": 0.8103150503170852,
  "QTE": -13.771687402603751
}