{
  "model": "CDDFuse-Combined-Gated-Learnable",
  "modal": "PET",
  "n_images": 42,
  "timestamp": "20260512_192430",
  "EN": 5.447315185576647,
  "VAR": 75.72058691700609,
  "AG": 11.335407341012344,
  "SF": 34.81255924180019,
  "EI": 115.12949418764046,
  "MI": 65.76295761835007,
  "NCIE": 0.8118921220514114,
  "MI_mutual": 2.6267295211385027,
  "NABF": 0.010731442373366231,
  "FMI": 0.6377744577007628,
  "CE": 1.1715287825178908,
  "SSIM": 1.3150811695193798,
  "PSNR": 55.14400699091046,
  "RMSE": 0.1994672115977109,
  "QG": 0.7858936947143553,
  "QM": 0.12582381726020858,
  "QC": 0.6476142703948922,
  "QS": -0.9808416195240937,
  "QCB": 0.9000920331659442,
  "QCV": 73.51271881178441,
  "QY": 0.9804543518332245,
  "QMI": 0.8036088787335773,
  "QSF": 0.05388249752728953,
  "QNCIE": 0.8118921220514114,
  "QTE": -6.157924897465916
}