{
  "model": "CDDFuse-Combined-Gated-Learnable",
  "modal": "CT",
  "n_images": 21,
  "timestamp": "20260512_192315",
  "EN": 4.163203962318084,
  "VAR": 66.18534580539463,
  "AG": 8.266375699198534,
  "SF": 36.124428866124944,
  "EI": 82.52195199329779,
  "MI": 45.850745791480655,
  "NCIE": 0.8060787460446629,
  "MI_mutual": 1.8784493258422794,
  "NABF": 0.028164505696435423,
  "FMI": 0.7113856609327468,
  "CE": 1.5575241439667922,
  "SSIM": 1.4953619337266975,
  "PSNR": 55.366279894575136,
  "RMSE": 0.19111456754042155,
  "QG": 0.6164430111286825,
  "QM": 0.004597501796005028,
  "QC": 0.4007068830665775,
  "QS": 0.34933454493653027,
  "QCB": 0.7361762047112492,
  "QCV": 583.253681365479,
  "QY": 0.9073141127594697,
  "QMI": 0.7887627959398981,
  "QSF": 0.027788204655592195,
  "QNCIE": 0.8060787460446629,
  "QTE": -7.905579430513096
}