{
  "model": "CDDFuse-Combined-Gated-Learnable",
  "modal": "PET",
  "n_images": 24,
  "timestamp": "20260513_080815",
  "EN": 5.469694451325085,
  "VAR": 76.18539186109446,
  "AG": 11.160697005005522,
  "SF": 34.30427219934098,
  "EI": 113.52550453936358,
  "MI": 66.6396001180013,
  "NCIE": 0.8113897822418892,
  "MI_mutual": 2.6207463601134755,
  "NABF": 0.013614167595917452,
  "FMI": 0.6349664249493819,
  "CE": 1.1605983832772464,
  "SSIM": 1.3167196708391444,
  "PSNR": 55.15754351479725,
  "RMSE": 0.19874300096675176,
  "QG": 0.7601516215250346,
  "QM": 0.11223278832479056,
  "QC": 0.6476024520833158,
  "QS": 0.5390622087705812,
  "QCB": 0.895967426262418,
  "QCV": 83.82902414722746,
  "QY": 0.9782028841499644,
  "QMI": 0.7966678818142133,
  "QSF": 0.05915023067987222,
  "QNCIE": 0.8113897822418892,
  "QTE": -5.715899557268827
}