{
  "model": "CDDFuse-Combined-Gated-Learnable",
  "modal": "SPECT",
  "n_images": 24,
  "timestamp": "20260513_080952",
  "EN": 4.936423131258125,
  "VAR": 53.605096298739646,
  "AG": 6.770609430958622,
  "SF": 21.81164750995914,
  "EI": 68.29574896976085,
  "MI": 40.20616785685221,
  "NCIE": 0.8108361584552962,
  "MI_mutual": 2.730256865972811,
  "NABF": 0.0190426195915579,
  "FMI": 0.6532591522297468,
  "CE": 1.0536874542447758,
  "SSIM": 1.404331216969003,
  "PSNR": 57.652511851361965,
  "RMSE": 0.11231762312482985,
  "QG": 0.7504144349344101,
  "QM": 0.07690102084362359,
  "QC": 0.6393145820583085,
  "QS": 0.5394050160898655,
  "QCB": 0.8801913790833288,
  "QCV": 38.88443333687919,
  "QY": 0.9807785920234288,
  "QMI": 0.9132682496308457,
  "QSF": 0.047215180789329014,
  "QNCIE": 0.8108361584552961,
  "QTE": -11.184289706906005
}