{
  "model": "CDDFuse-Combined-Gated-Learnable",
  "modal": "CT",
  "n_images": 24,
  "timestamp": "20260513_080639",
  "EN": 4.628076478198836,
  "VAR": 67.08376616238257,
  "AG": 9.364574695279861,
  "SF": 39.26717334937633,
  "EI": 93.45415153322313,
  "MI": 50.78765042622884,
  "NCIE": 0.8073337132382049,
  "MI_mutual": 2.155939659339,
  "NABF": 0.02862269934496584,
  "FMI": 0.679382227908358,
  "CE": 1.5800100220574036,
  "SSIM": 1.4475918591375805,
  "PSNR": 55.39152931398877,
  "RMSE": 0.18845587587861437,
  "QG": 0.6116853988263897,
  "QM": 0.004820124473185247,
  "QC": 0.4699877102915629,
  "QS": 0.39142492729547634,
  "QCB": 0.81060059315292,
  "QCV": 729.2132053908048,
  "QY": 0.911215071273074,
  "QMI": 0.7835315463685634,
  "QSF": 0.027809296479430746,
  "QNCIE": 0.8073337132382049,
  "QTE": -8.545049809524166
}