{
  "model": "MLFuse",
  "modal": "SPECT",
  "n_images": 10,
  "timestamp": "20260424_094148",
  "EN": 5.4634022707495005,
  "VAR": 59.37974860436058,
  "AG": 6.136210187831061,
  "SF": 19.59816790435351,
  "EI": 62.20438167189688,
  "NCIE": 0.8074399300701953,
  "MI_mutual": 2.2055218221337234,
  "NABF": 0.009301486710647525,
  "FMI": 0.27472866765346554,
  "CE": 7.65150554961364,
  "SSIM": 0.9231516606589054,
  "PSNR": 57.23751312541923,
  "RMSE": 0.12346931127700722,
  "QG": 0.628712293296452,
  "QM": 0.01205680670612419,
  "QC": 0.5610719544063173,
  "QS": 0.5237669144116802,
  "QCB": 0.9110668695566246,
  "QCV": 51.214233448419485,
  "QY": 0.6588945909675329,
  "QMI": 0.6794495915029983,
  "QSF": 0.1317230400654801,
  "QNCIE": 0.8074399300701953,
  "QTE": -6.6006421611357045
}