{
  "model": "MMAE",
  "modal": "CT",
  "n_images": 10,
  "timestamp": "20260424_094421",
  "EN": 3.3802796445662735,
  "VAR": 53.197003266309494,
  "AG": 7.575569825928359,
  "SF": 37.611147077897144,
  "EI": 73.24567970355318,
  "NCIE": 0.8045995697261812,
  "MI_mutual": 1.4360004218394884,
  "NABF": 0.05677437744744037,
  "FMI": 0.608594647389073,
  "CE": 0.9521238957774274,
  "SSIM": 1.2288144414566096,
  "PSNR": 54.201658981715184,
  "RMSE": 0.248203635469594,
  "QG": 0.26461083827063125,
  "QM": 0.001979028715297108,
  "QC": 0.21153432891415128,
  "QS": 0.16345342136537216,
  "QCB": 0.7650497876993938,
  "QCV": 1973.25330625442,
  "QY": 0.7768188080643805,
  "QMI": 0.6295164953355217,
  "QSF": 0.08292639638750601,
  "QNCIE": 0.8045995697261812,
  "QTE": -8.48816727815682
}