{
  "model": "LRFNet",
  "modal": "PET",
  "n_images": 24,
  "timestamp": "20260424_005832",
  "EN": 5.231228596815197,
  "VAR": 83.65473796514101,
  "AG": 10.11846948623495,
  "SF": 31.202797492771868,
  "EI": 103.80976788266291,
  "MI": 73.35530471801758,
  "NCIE": 0.8084701912827827,
  "MI_mutual": 2.2485392692240618,
  "NABF": 0.006190079479021444,
  "FMI": 0.6386960206123994,
  "CE": 0.9700539489673918,
  "SSIM": 1.4026867315333282,
  "PSNR": 55.7251289803973,
  "RMSE": 0.17453389307958145,
  "QG": 0.7303488384022762,
  "QM": 0.01640113963785468,
  "QC": 0.5772190895837986,
  "QS": 0.5147990451418969,
  "QCB": 0.8312532809526028,
  "QCV": 58.059983174183664,
  "QY": 0.9487213839918729,
  "QMI": 0.7073438973683079,
  "QSF": 0.14027012604022526,
  "QNCIE": 0.8084701912827827,
  "QTE": -5.372702547320817
}