{
  "model": "LRFNet",
  "modal": "CT",
  "n_images": 24,
  "timestamp": "20260424_005727",
  "EN": 4.485246277315891,
  "VAR": 63.24540437430247,
  "AG": 6.413479809636378,
  "SF": 22.411100770143346,
  "EI": 65.25740242251928,
  "MI": 53.6091054280599,
  "NCIE": 0.8071064689922368,
  "MI_mutual": 2.1028340223036004,
  "NABF": 0.004359234033473178,
  "FMI": 0.6941169020465575,
  "CE": 1.211625910479982,
  "SSIM": 1.4685069494642817,
  "PSNR": 55.99227964544525,
  "RMSE": 0.16429446767434983,
  "QG": 0.4834052252429239,
  "QM": 0.004105700348737633,
  "QC": 0.4187339688968151,
  "QS": 0.3345955899799444,
  "QCB": 0.7617085552510926,
  "QCV": 869.9345130901947,
  "QY": 0.89143600969278,
  "QMI": 0.7781047787479123,
  "QSF": 0.40303972863281395,
  "QNCIE": 0.8071064689922368,
  "QTE": -8.202356579020103
}