{
  "model": "LRFNet",
  "modal": "SPECT",
  "n_images": 24,
  "timestamp": "20260424_005937",
  "EN": 4.597984838484632,
  "VAR": 59.206780098320365,
  "AG": 6.072455364227651,
  "SF": 19.95877735399684,
  "EI": 61.643315683967494,
  "MI": 45.238904317220054,
  "NCIE": 0.8079869923994155,
  "MI_mutual": 2.2681734997913234,
  "NABF": 0.008154663572833913,
  "FMI": 0.657610776251189,
  "CE": 1.043213606116193,
  "SSIM": 1.462104935271195,
  "PSNR": 58.263219245410966,
  "RMSE": 0.0980323143973237,
  "QG": 0.6981074313262386,
  "QM": 0.028003399855676504,
  "QC": 0.4942119979318882,
  "QS": 0.4316947367964385,
  "QCB": 0.7783533573801029,
  "QCV": 33.311013600716706,
  "QY": 0.9594561702795094,
  "QMI": 0.7924628265483564,
  "QSF": 0.1235954107510359,
  "QNCIE": 0.8079869923994155,
  "QTE": -10.29543106752598
}