{
  "model": "MLFuse",
  "modal": "PET",
  "n_images": 10,
  "timestamp": "20260424_094122",
  "EN": 5.58715179912082,
  "VAR": 80.10701626768822,
  "AG": 10.406449040201618,
  "SF": 33.53497505014618,
  "EI": 105.19817603726763,
  "NCIE": 0.8065639412257507,
  "MI_mutual": 1.9396840757107252,
  "NABF": 0.001245960245077423,
  "FMI": 0.24393656581708276,
  "CE": 9.40909493694736,
  "SSIM": 0.7119051354582662,
  "PSNR": 54.94087606511124,
  "RMSE": 0.20857642433061802,
  "QG": 0.6828691303158791,
  "QM": 0.008143952677211455,
  "QC": 0.5281098387953704,
  "QS": 0.49951696987132993,
  "QCB": 0.888130643980946,
  "QCV": 74.83444825242731,
  "QY": 0.5440824359733225,
  "QMI": 0.6004213838524203,
  "QSF": 0.12588454159549592,
  "QNCIE": 0.8065639412257507,
  "QTE": -9.36341561405403
}