{
  "model": "CDDFuse-PixelSelect-Saliency",
  "modal": "PET",
  "n_images": 24,
  "timestamp": "20260504_093138",
  "EN": 5.57230192040295,
  "VAR": 72.81878425746868,
  "AG": 10.15394826603593,
  "SF": 31.581845715302673,
  "EI": 103.35317393862215,
  "MI": 63.83626174926758,
  "NCIE": 0.8109271659650542,
  "MI_mutual": 2.56110544606603,
  "NABF": 0.011557100251828554,
  "FMI": 0.6256515648137151,
  "CE": 1.2150474742813568,
  "SSIM": 1.3802938530182207,
  "PSNR": 55.65289194518109,
  "RMSE": 0.17756699834598977,
  "QG": 0.7253700176144511,
  "QM": 0.006684860757862528,
  "QC": 0.650014716701966,
  "QS": 0.5811522799773462,
  "QCB": 0.8961984202356451,
  "QCV": 84.31917745334648,
  "QY": 0.9481326875774633,
  "QMI": 0.7696314631977669,
  "QSF": 0.1329699399174951,
  "QNCIE": 0.8109271659650542,
  "QTE": -5.915228404255395
}