{
  "model": "CDDFuse-PixelSelect-Saliency",
  "modal": "CT",
  "n_images": 24,
  "timestamp": "20260504_092825",
  "EN": 4.645055084805204,
  "VAR": 71.84645320206171,
  "AG": 8.537906292959333,
  "SF": 37.357565073537614,
  "EI": 85.41608250023393,
  "MI": 54.91473134358724,
  "NCIE": 0.8072307726288964,
  "MI_mutual": 2.1634164199252113,
  "NABF": 0.02025307074256755,
  "FMI": 0.6708395476596687,
  "CE": 1.5906503293395022,
  "SSIM": 1.4684774871026438,
  "PSNR": 55.49309983161402,
  "RMSE": 0.1840818305414513,
  "QG": 0.6122334602676638,
  "QM": 0.004898636757085721,
  "QC": 0.4631998239123492,
  "QS": 0.39469515332707283,
  "QCB": 0.8103714726066132,
  "QCV": 606.7045540864865,
  "QY": 0.9098641875126104,
  "QMI": 0.7887158606864428,
  "QSF": 0.03128269245624518,
  "QNCIE": 0.8072307726288962,
  "QTE": -8.33198815182111
}