{
  "model": "CDDFuse-PixelSelect-Saliency",
  "modal": "SPECT",
  "n_images": 24,
  "timestamp": "20260504_093446",
  "EN": 4.903411980564771,
  "VAR": 48.32753611036486,
  "AG": 5.67487970453669,
  "SF": 18.247155814715356,
  "EI": 57.174742850643575,
  "MI": 37.886545181274414,
  "NCIE": 0.8141538522530137,
  "MI_mutual": 3.038088621111752,
  "NABF": 0.004879300737548667,
  "FMI": 0.6502671230781675,
  "CE": 1.188019883258598,
  "SSIM": 1.4239046108791198,
  "PSNR": 58.04659580953575,
  "RMSE": 0.10296619092452242,
  "QG": 0.7430179942773948,
  "QM": 0.013027133808160821,
  "QC": 0.6325134048414125,
  "QS": 0.5394374541676257,
  "QCB": 0.8802286864708907,
  "QCV": 46.86425246092696,
  "QY": 0.9619794244941029,
  "QMI": 1.0196896819423897,
  "QSF": 0.20145786318511125,
  "QNCIE": 0.8141538522530136,
  "QTE": -11.470522140204755
}