{
  "model": "MLFuse",
  "modal": "CT",
  "n_images": 10,
  "timestamp": "20260424_094215",
  "EN": 4.642136832358336,
  "VAR": 67.23956486752141,
  "AG": 5.989445783084597,
  "SF": 27.233108034096574,
  "EI": 61.32446101088632,
  "NCIE": 0.8066158389117533,
  "MI_mutual": 2.0584889931845702,
  "NABF": 0.00198097757857237,
  "FMI": 0.19273013792340293,
  "CE": 10.11742725862969,
  "SSIM": 0.6006230920060776,
  "PSNR": 54.63445128831188,
  "RMSE": 0.22533111162737024,
  "QG": 0.4955884474448243,
  "QM": 0.002172408601340099,
  "QC": 0.39040460351676975,
  "QS": 0.3343296619945558,
  "QCB": 0.7556795679679155,
  "QCV": 542.4575991882903,
  "QY": 0.4243282049256103,
  "QMI": 0.7641820551804678,
  "QSF": 0.31433819533149066,
  "QNCIE": 0.8066158389117533,
  "QTE": -10.622933988314582
}