{
  "model": "MFS-Fusion",
  "modal": "SPECT",
  "n_images": 24,
  "timestamp": "20260424_033213",
  "EN": 5.04546004105874,
  "VAR": 63.191367931512666,
  "AG": 6.945703151955711,
  "SF": 22.146516311910414,
  "EI": 70.21362328377502,
  "MI": 49.28054745992025,
  "NCIE": 0.8089240651484425,
  "MI_mutual": 2.3924870739844972,
  "NABF": 0.02367403794364752,
  "FMI": 0.6466736242088648,
  "CE": 1.037507608444175,
  "SSIM": 1.4648422852299803,
  "PSNR": 57.7342462994653,
  "RMSE": 0.11031723759356693,
  "QG": 0.7423922932851276,
  "QM": 0.12150561872090328,
  "QC": 0.6240866066163642,
  "QS": 0.5630993465431917,
  "QCB": 0.8772530131672817,
  "QCV": 32.79189981825666,
  "QY": 0.9684483740881763,
  "QMI": 0.7886838185588547,
  "QSF": 0.028934914286944734,
  "QNCIE": 0.8089240651484425,
  "QTE": -6.871663734524103
}