{
  "model": "MFS-Fusion",
  "modal": "CT",
  "n_images": 24,
  "timestamp": "20260424_015225",
  "EN": 4.713473123825305,
  "VAR": 83.94711140936376,
  "AG": 8.07116508820316,
  "SF": 32.85623737533587,
  "EI": 82.52369028684872,
  "MI": 69.20155016581218,
  "NCIE": 0.8069038605466465,
  "MI_mutual": 2.0960957990019438,
  "NABF": 0.013147417321873299,
  "FMI": 0.6674045099766931,
  "CE": 1.0691598275939231,
  "SSIM": 1.4732608721203968,
  "PSNR": 55.057947367338464,
  "RMSE": 0.2036133450774514,
  "QG": 0.6091977518053383,
  "QM": 0.012910247917767551,
  "QC": 0.4837148518963501,
  "QS": 0.4130072890830836,
  "QCB": 0.8077741277623911,
  "QCV": 515.0121748815834,
  "QY": 0.9294412767847303,
  "QMI": 0.7579093604605162,
  "QSF": 0.14292451207290485,
  "QNCIE": 0.8069038605466465,
  "QTE": -9.824114557045293
}