{
  "model": "MFS-Fusion",
  "modal": "PET",
  "n_images": 24,
  "timestamp": "20260424_024216",
  "EN": 5.463009358939783,
  "VAR": 91.38201513092729,
  "AG": 11.520625563776427,
  "SF": 35.17309892363374,
  "EI": 118.04586878302753,
  "MI": 82.57082875569661,
  "NCIE": 0.8093554060668797,
  "MI_mutual": 2.3698858032121826,
  "NABF": 0.01231683194735241,
  "FMI": 0.6224406055976269,
  "CE": 0.9124275754586485,
  "SSIM": 1.4057206206199198,
  "PSNR": 55.0899550913235,
  "RMSE": 0.20194083291516987,
  "QG": 0.7595536007527931,
  "QM": 0.09374919607472902,
  "QC": 0.6535342376926853,
  "QS": 0.604537865902515,
  "QCB": 0.8962010292260784,
  "QCV": 46.72452887726174,
  "QY": 0.958088306730717,
  "QMI": 0.7250676024681025,
  "QSF": 0.032145500668122225,
  "QNCIE": 0.8093554060668797,
  "QTE": -7.12495676353808
}