{
  "model": "C2RF",
  "modal": "PET",
  "n_images": 24,
  "timestamp": "20260423_233927",
  "EN": 3.3381726573229193,
  "MI": 44.75329144795736,
  "VAR": 73.9866020140686,
  "AG": 3.536865116139698,
  "SF": 13.781256128473984,
  "EI": 36.935106354533865,
  "NCIE": 0.8044108513986297,
  "MI_mutual": 1.4521700210730695,
  "NABF": 0.012280890511869586,
  "FMI": 0.631016815907156,
  "CE": 0.8453611922015621,
  "SSIM": 1.309363459063089,
  "PSNR": 55.11295296368587,
  "RMSE": 0.20092545041604556,
  "QG": 0.17819047964040194,
  "QM": 0.001375255880785925,
  "QC": 0.21659188747998018,
  "QS": 0.16983440038989084,
  "QCB": 0.5951677678933142,
  "QCV": 939.3721418589694,
  "QY": 0.8829135605658814,
  "QMI": 0.6346707648199763,
  "QSF": 0.6165944114294598,
  "QNCIE": 0.8044108513986297,
  "QTE": -5.042974084462364
}