{
  "model": "AdaFuse",
  "modal": "SPECT",
  "n_images": 24,
  "timestamp": "20260424_100150",
  "EN": 5.591660127429102,
  "VAR": 61.06424302321353,
  "AG": 4.92400271577335,
  "SF": 15.263628135200099,
  "EI": 50.103784976389825,
  "NCIE": 0.8085810289123682,
  "MI_mutual": 2.460117421462759,
  "NABF": 0.002147805206798612,
  "FMI": 0.27798298164646723,
  "CE": 5.7300936475005,
  "SSIM": 1.1217525279289513,
  "PSNR": 57.412903349427346,
  "RMSE": 0.11945473554044546,
  "QG": 0.5802565731984163,
  "QM": 0.005292857414771483,
  "QC": 0.5050314080007072,
  "QS": 0.47964686192614825,
  "QCB": 0.8798958384712191,
  "QCV": 81.38784790872832,
  "QY": 0.7101436898914582,
  "QMI": 0.7662558937215794,
  "QSF": 0.32656535279543397,
  "QNCIE": 0.8085810289123682,
  "QTE": -5.414831525626738
}