{
  "model": "CDDFuse",
  "modal": "CT",
  "n_images": 24,
  "timestamp": "20260512_142445",
  "EN": 4.638179193313583,
  "VAR": 70.50553488421379,
  "AG": 9.616324628061891,
  "SF": 40.31732801271776,
  "EI": 96.01678004761503,
  "MI": 53.676019032796226,
  "NCIE": 0.8072961558767352,
  "MI_mutual": 2.1541299738168544,
  "NABF": 0.032315379369420555,
  "FMI": 0.6732552032176401,
  "CE": 1.5406950603516376,
  "SSIM": 1.4434062128957887,
  "PSNR": 55.322798634478886,
  "RMSE": 0.19142774158143117,
  "QG": 0.6182603271079632,
  "QM": 0.0046275941209633475,
  "QC": 0.47729696395527627,
  "QS": 0.3952547055629241,
  "QCB": 0.8113260505610107,
  "QCV": 758.8742454949969,
  "QY": 0.9146761158251994,
  "QMI": 0.7829708628136117,
  "QSF": 0.048792024291427476,
  "QNCIE": 0.8072961558767352,
  "QTE": -8.54468653147251
}