{
  "model": "CDDFuse",
  "modal": "SPECT",
  "n_images": 24,
  "timestamp": "20260512_142717",
  "EN": 4.9694854325446345,
  "VAR": 53.82356443673177,
  "AG": 6.791689436305517,
  "SF": 21.844904170789647,
  "EI": 68.49782652275861,
  "MI": 40.49820073445638,
  "NCIE": 0.8107355911445469,
  "MI_mutual": 2.7151318230995947,
  "NABF": 0.019417466380656334,
  "FMI": 0.6531592798096256,
  "CE": 1.0418732639675399,
  "SSIM": 1.4031348899114715,
  "PSNR": 57.65374039749447,
  "RMSE": 0.11228330529804798,
  "QG": 0.7502741290343232,
  "QM": 0.07880788309894092,
  "QC": 0.6404756745199341,
  "QS": 0.5406132977441865,
  "QCB": 0.8802092870392958,
  "QCV": 38.9171997598634,
  "QY": 0.9810615559011584,
  "QMI": 0.9048738042033132,
  "QSF": 0.04599040332325772,
  "QNCIE": 0.8107355911445469,
  "QTE": -11.171641557077132
}