{
  "model": "CDDFuse",
  "modal": "PET",
  "n_images": 24,
  "timestamp": "20260512_142551",
  "EN": 5.5110763507938,
  "VAR": 77.51346692219121,
  "AG": 11.27742048898664,
  "SF": 34.47140044686623,
  "EI": 114.69940988173774,
  "MI": 68.33060010274251,
  "NCIE": 0.8117213723721894,
  "MI_mutual": 2.653132647066471,
  "NABF": 0.015342937496613153,
  "FMI": 0.6372248144073854,
  "CE": 1.1542648469858443,
  "SSIM": 1.3234846388289265,
  "PSNR": 55.26151760993804,
  "RMSE": 0.19410117230261084,
  "QG": 0.7638182755455784,
  "QM": 0.12295579980032338,
  "QC": 0.6576610706289047,
  "QS": 0.5459190898291711,
  "QCB": 0.8961937054143884,
  "QCV": 82.73074705564288,
  "QY": 0.9817079745017168,
  "QMI": 0.802025031608844,
  "QSF": 0.054604965348266095,
  "QNCIE": 0.8117213723721894,
  "QTE": -5.603586710827403
}