{
  "model": "MMAE",
  "modal": "PET",
  "n_images": 10,
  "timestamp": "20260424_094307",
  "EN": 3.3155231848839675,
  "VAR": 65.26037619761678,
  "AG": 5.565055726027648,
  "SF": 24.688734868867236,
  "EI": 56.64562667654834,
  "NCIE": 0.8041373367592926,
  "MI_mutual": 1.3602231952933366,
  "NABF": 0.04811415065084963,
  "FMI": 0.5502367564796018,
  "CE": 0.9749657907114846,
  "SSIM": 1.237739126484803,
  "PSNR": 54.76804378651026,
  "RMSE": 0.21717992954468562,
  "QG": 0.17622663284526785,
  "QM": 0.0006619055915639744,
  "QC": 0.20082712299340905,
  "QS": 0.15111003511767232,
  "QCB": 0.84174010733662,
  "QCV": 1009.2664563454824,
  "QY": 0.8213590477662922,
  "QMI": 0.6167129686781214,
  "QSF": 0.36715291605354516,
  "QNCIE": 0.8041373367592923,
  "QTE": -8.13122946719033
}