{
  "model": "AdaFuse",
  "modal": "PET",
  "n_images": 24,
  "timestamp": "20260424_100031",
  "EN": 5.863574058863624,
  "VAR": 73.6538194655338,
  "AG": 7.0099591345663415,
  "SF": 20.881458300042,
  "EI": 72.38214727376898,
  "NCIE": 0.8111560348994429,
  "MI_mutual": 2.795999897364919,
  "NABF": 4.867181182176113e-05,
  "FMI": 0.38315551845199575,
  "CE": 3.3246641706370723,
  "SSIM": 1.2350040518711192,
  "PSNR": 55.88844642266533,
  "RMSE": 0.16818761308552346,
  "QG": 0.5505452631337903,
  "QM": 0.00243553200604882,
  "QC": 0.52303014316475,
  "QS": 0.49684928496073466,
  "QCB": 0.8961882251315023,
  "QCV": 207.32600028691581,
  "QY": 0.7765413022694361,
  "QMI": 0.8273212216775749,
  "QSF": 0.42377731070363023,
  "QNCIE": 0.8111560348994429,
  "QTE": -5.40343708489045
}