{
  "model": "MMIF-INet",
  "modal": "SPECT",
  "n_images": 10,
  "timestamp": "20260424_093951",
  "EN": 5.397506979677361,
  "VAR": 68.68068927839464,
  "AG": 7.629475261636931,
  "SF": 23.590217728000788,
  "EI": 77.44402289405551,
  "NCIE": 0.8077214726923394,
  "MI_mutual": 2.226592219300038,
  "NABF": 0.036448000839895654,
  "FMI": 0.5912431682531593,
  "CE": 1.2025079742029685,
  "SSIM": 1.3975875833669855,
  "PSNR": 56.80529257384205,
  "RMSE": 0.13619436906545873,
  "QG": 0.7162303954416844,
  "QM": 0.04408051436146702,
  "QC": 0.6663974498267263,
  "QS": 0.624428926863587,
  "QCB": 0.9174753106885856,
  "QCV": 39.53389648108963,
  "QY": 0.9426439388103616,
  "QMI": 0.6898677831770226,
  "QSF": 0.0451702931657292,
  "QNCIE": 0.8077214726923394,
  "QTE": -5.696100847968069
}