{
  "model": "SFMFusion",
  "modal": "CT",
  "n_images": 3,
  "timestamp": "20260424_095132",
  "EN": 6.091517658500891,
  "VAR": 73.67478561565127,
  "AG": 24.2163056069363,
  "SF": 101.90056725629061,
  "EI": 185.81836541496844,
  "CE": 4.176649226920842
}