{
  "model": "MMIF-INet",
  "modal": "CT",
  "n_images": 10,
  "timestamp": "20260424_094029",
  "EN": 4.856918409450502,
  "VAR": 76.67240422429515,
  "AG": 8.826490534324748,
  "SF": 33.71540324706749,
  "EI": 89.91267616298714,
  "NCIE": 0.8057638208621937,
  "MI_mutual": 1.8184117348069926,
  "NABF": 0.018410759033011936,
  "FMI": 0.6430927635686559,
  "CE": 1.0978559819175087,
  "SSIM": 1.4552437197387469,
  "PSNR": 55.41122916985857,
  "RMSE": 0.18794203685672953,
  "QG": 0.6144223283269736,
  "QM": 0.007213015337508698,
  "QC": 0.4610635239883358,
  "QS": 0.40894732642606957,
  "QCB": 0.7839630427421169,
  "QCV": 556.4865011625812,
  "QY": 0.9126173582249232,
  "QMI": 0.6544782721499546,
  "QSF": 0.1444162013586922,
  "QNCIE": 0.8057638208621937,
  "QTE": -8.55929133266694
}