{
  "model": "CM-CSAMFNet",
  "modal": "SPECT",
  "n_images": 24,
  "timestamp": "20260423_235320",
  "EN": 5.190171717278988,
  "VAR": 76.91818797636675,
  "AG": 6.819816307871292,
  "SF": 21.186973096643428,
  "EI": 70.15007488819158,
  "MI": 62.24185562133789,
  "NCIE": 0.8083711722845015,
  "MI_mutual": 2.3557162694406846,
  "NABF": 0.030002376586173597,
  "FMI": 0.643715208796753,
  "CE": 1.2434383817064998,
  "SSIM": 1.419472961325625,
  "PSNR": 55.872273393459444,
  "RMSE": 0.16939208388298435,
  "QG": 0.6931066147494871,
  "QM": 0.03966688671471523,
  "QC": 0.6005970479395261,
  "QS": 0.54583108096537,
  "QCB": 0.8802260446912591,
  "QCV": 47.824499837845025,
  "QY": 0.9397736535483766,
  "QMI": 0.7674474372848912,
  "QSF": 0.06665622539924972,
  "QNCIE": 0.8083711722845015,
  "QTE": -11.56156481116607
}