{
  "model": "CM-CSAMFNet",
  "modal": "PET",
  "n_images": 24,
  "timestamp": "20260423_235047",
  "EN": 5.44914000223402,
  "VAR": 92.41894471161724,
  "AG": 11.144775676014532,
  "SF": 33.56557965130129,
  "EI": 114.5456730224838,
  "MI": 85.1981315612793,
  "NCIE": 0.8103001988413746,
  "MI_mutual": 2.486033573457057,
  "NABF": 0.017243030606076626,
  "FMI": 0.646677060238464,
  "CE": 0.9366227425239119,
  "SSIM": 1.384740732720087,
  "PSNR": 55.017653442207724,
  "RMSE": 0.20529450127293888,
  "QG": 0.7650025340192995,
  "QM": 0.04937079097728899,
  "QC": 0.6786470085128347,
  "QS": 0.1993076507487235,
  "QCB": 0.8956082035630638,
  "QCV": 61.61173539246022,
  "QY": 0.9839847079376582,
  "QMI": 0.7597676696844037,
  "QSF": 0.07706029252825222,
  "QNCIE": 0.8103001988413746,
  "QTE": -5.29116594121468
}