{
  "model": "ECINFusion",
  "modal": "PET",
  "n_images": 24,
  "timestamp": "20260424_004920",
  "EN": 5.337451797325346,
  "VAR": 59.9308826159423,
  "AG": 8.32828524284893,
  "SF": 25.93495454168854,
  "EI": 84.43075744623448,
  "MI": 73.46401532491048,
  "NCIE": 0.8166957396284328,
  "MI_mutual": 3.152762584863313,
  "NABF": 2.0126923961967545e-06,
  "FMI": 0.29793338231730526,
  "CE": 0.5937959412826839,
  "SSIM": 0.6660129671664691,
  "PSNR": 55.361808021143304,
  "RMSE": 0.18952972739248564,
  "QG": 0.7572644958035138,
  "QM": 0.005750299165843791,
  "QC": 0.5598799252974254,
  "QS": 0.4532855414302112,
  "QCB": 0.8864508678203628,
  "QCV": 115.33339525517931,
  "QY": 0.5919358868886457,
  "QMI": 0.9634752851849083,
  "QSF": 0.28966654784587637,
  "QNCIE": 0.8166957396284328,
  "QTE": -5.547131500379521
}