{
  "model": "ECINFusion",
  "modal": "CT",
  "n_images": 24,
  "timestamp": "20260424_004806",
  "EN": 5.004558389664033,
  "VAR": 55.633102263741954,
  "AG": 4.55818561337935,
  "SF": 18.020646195741353,
  "EI": 46.36256757132867,
  "MI": 50.08975791931152,
  "NCIE": 0.8069967561406148,
  "MI_mutual": 2.1231278199590666,
  "NABF": 1.5478799634698114e-05,
  "FMI": 0.20569849969208395,
  "CE": 5.564298491081817,
  "SSIM": 1.2166086329100938,
  "PSNR": 56.1170830660897,
  "RMSE": 0.15969470976702357,
  "QG": 0.2966135343204655,
  "QM": 0.0017158931008193976,
  "QC": 0.34945377828557317,
  "QS": 0.3177109396139087,
  "QCB": 0.8090374577553173,
  "QCV": 609.1731717038875,
  "QY": 0.6780935212747797,
  "QMI": 0.7407296389206013,
  "QSF": 0.5289360468494763,
  "QNCIE": 0.8069967561406148,
  "QTE": -7.300032844146869
}