{
  "model": "AdaFuse",
  "modal": "CT",
  "n_images": 24,
  "timestamp": "20260424_100309",
  "EN": 5.05915548628472,
  "VAR": 59.989969298779954,
  "AG": 4.876558143035394,
  "SF": 19.17827478394609,
  "EI": 49.76546041622993,
  "NCIE": 0.8079466666310617,
  "MI_mutual": 2.3268850878723346,
  "NABF": 5.092057842893298e-06,
  "FMI": 0.21421229759972352,
  "CE": 9.412312398838738,
  "SSIM": 0.8304294612963717,
  "PSNR": 56.087671654240786,
  "RMSE": 0.16073278643780733,
  "QG": 0.35337783418458485,
  "QM": 0.0019080491348920509,
  "QC": 0.36074518083897433,
  "QS": 0.32901928001704334,
  "QCB": 0.8135222877351742,
  "QCV": 578.4881800770396,
  "QY": 0.4939527613691679,
  "QMI": 0.804441387799681,
  "QSF": 0.49888474383799714,
  "QNCIE": 0.8079466666310617,
  "QTE": -9.095249424982484
}