{
  "model": "MM-Net-Fusion",
  "modal": "CT",
  "n_images": 10,
  "timestamp": "20260424_093429",
  "EN": 4.460813868160338,
  "VAR": 53.81793544848598,
  "AG": 6.072390624871353,
  "SF": 20.614328396110995,
  "EI": 61.62487986248395,
  "NCIE": 0.8098360566071104,
  "MI_mutual": 2.5848592490506475,
  "NABF": 5.7468659558937095e-05,
  "FMI": 0.7283099902922633,
  "CE": 0.9037325684251665,
  "SSIM": 1.4741837778932934,
  "PSNR": 56.21270780869395,
  "RMSE": 0.15699909653146008,
  "QG": 0.5392222831457393,
  "QM": 0.008331740901439885,
  "QC": 0.4714451333763313,
  "QS": 0.3319714104738085,
  "QCB": 0.7863516502711758,
  "QCV": 1440.5847144989177,
  "QY": 0.9654883193337938,
  "QMI": 0.9657876429795824,
  "QSF": 0.46593817443862556,
  "QNCIE": 0.8098360566071104,
  "QTE": -6.324537248446587
}