{
  "model": "DDBFusion",
  "modal": "SPECT",
  "n_images": 24,
  "timestamp": "20260424_004651",
  "EN": 4.776926361942305,
  "VAR": 52.64269541768376,
  "AG": 4.582080954479962,
  "SF": 15.996854867585455,
  "EI": 45.89945206699292,
  "MI": 40.65360959370931,
  "NCIE": 0.8066011023197953,
  "MI_mutual": 2.062521914574592,
  "NABF": 0.008642303122035254,
  "FMI": 0.6126497334483291,
  "CE": 0.887916501397159,
  "SSIM": 1.4441618826915537,
  "PSNR": 58.22323002265017,
  "RMSE": 0.09906724173895858,
  "QG": 0.4133570345716415,
  "QM": 0.003032613304655147,
  "QC": 0.4439201818295964,
  "QS": 0.422843654546361,
  "QCB": 0.875343399381605,
  "QCV": 138.7580550772968,
  "QY": 0.8420589001217617,
  "QMI": 0.7092803407642269,
  "QSF": 0.3049111690397235,
  "QNCIE": 0.8066011023197953,
  "QTE": -9.630496242370183
}