{
  "model": "DDBFusion",
  "modal": "CT",
  "n_images": 24,
  "timestamp": "20260424_001845",
  "EN": 4.71813736038018,
  "VAR": 66.00326393763162,
  "AG": 6.024167350755412,
  "SF": 25.57983344150649,
  "EI": 60.99202103904156,
  "MI": 55.196797688802086,
  "NCIE": 0.8066392655114257,
  "MI_mutual": 2.0432254896290405,
  "NABF": 0.004843818560368824,
  "FMI": 0.6371806157008169,
  "CE": 1.4973515519921303,
  "SSIM": 1.4763588098322107,
  "PSNR": 56.03634056829646,
  "RMSE": 0.16264457226957293,
  "QG": 0.4388172326919039,
  "QM": 0.0023908958962260067,
  "QC": 0.3866952794113099,
  "QS": 0.3478420062352907,
  "QCB": 0.8096916492537606,
  "QCV": 510.1669602370709,
  "QY": 0.850608377142569,
  "QMI": 0.7397696386739302,
  "QSF": 0.3347526440042092,
  "QNCIE": 0.8066392655114257,
  "QTE": -7.844061003137791
}