{
  "model": "DDBFusion",
  "modal": "PET",
  "n_images": 24,
  "timestamp": "20260424_003405",
  "EN": 5.309379606541828,
  "VAR": 74.80814495036816,
  "AG": 7.629333425437302,
  "SF": 26.713301078248538,
  "EI": 77.16665453574444,
  "MI": 57.60940488179525,
  "NCIE": 0.8062202709581004,
  "MI_mutual": 1.9486932340058474,
  "NABF": 0.008088917644111886,
  "FMI": 0.588514518484598,
  "CE": 1.065773389868128,
  "SSIM": 1.2683730193063312,
  "PSNR": 55.74234078218543,
  "RMSE": 0.17396043518771584,
  "QG": 0.36684434009838246,
  "QM": 0.001650013351039311,
  "QC": 0.4111250714114533,
  "QS": 0.3879906527528818,
  "QCB": 0.8934934306484306,
  "QCV": 311.3353953432384,
  "QY": 0.7602909781716161,
  "QMI": 0.6193538342062873,
  "QSF": 0.27615018344308,
  "QNCIE": 0.8062202709581004,
  "QTE": -5.480312481544881
}