{
  "model": "CDDFuse-Combined-Gated-Saliency-CKA",
  "modal": "CT",
  "n_images": 24,
  "timestamp": "20260515_170425",
  "EN": 4.6298067019285565,
  "VAR": 66.99464853672102,
  "AG": 9.269840079869802,
  "SF": 39.25831192844344,
  "EI": 92.21845284898662,
  "MI": 51.048306147257485,
  "NCIE": 0.807739022117782,
  "MI_mutual": 2.2206581936047116,
  "NABF": 0.02775772215740498,
  "FMI": 0.6829896241323846,
  "CE": 1.5471818539309812,
  "SSIM": 1.4413635038281043,
  "PSNR": 55.40002576218259,
  "RMSE": 0.1880493500455446,
  "QG": 0.6129514150813616,
  "QM": 0.005702631453897396,
  "QC": 0.47825114672005437,
  "QS": 0.39365467944090066,
  "QCB": 0.813531754364794,
  "QCV": 762.276132077934,
  "QY": 0.9106309205600729,
  "QMI": 0.8055887859589467,
  "QSF": 0.021828354178493048,
  "QNCIE": 0.807739022117782,
  "QTE": -8.42189481567105
}