{
  "model": "CDDFuse-Combined-Gated-Saliency-CKA",
  "modal": "PET",
  "n_images": 24,
  "timestamp": "20260515_170618",
  "EN": 5.4609842071236505,
  "VAR": 76.32925728806536,
  "AG": 11.173989848891786,
  "SF": 34.34600600129878,
  "EI": 113.7393282914414,
  "MI": 66.90130043029785,
  "NCIE": 0.81108116816704,
  "MI_mutual": 2.5702756079990383,
  "NABF": 0.013630618139674927,
  "FMI": 0.6351193094143505,
  "CE": 1.1668024908228782,
  "SSIM": 1.3151164024623314,
  "PSNR": 55.13164180552724,
  "RMSE": 0.19993254164856986,
  "QG": 0.7586860194105104,
  "QM": 0.1039414753583523,
  "QC": 0.647940173587803,
  "QS": 0.5380753790802,
  "QCB": 0.89522302978945,
  "QCV": 84.79724224167526,
  "QY": 0.9787515576358418,
  "QMI": 0.7817825946701792,
  "QSF": 0.05760044724609329,
  "QNCIE": 0.81108116816704,
  "QTE": -5.770889977238017
}