{
  "model": "CDDFuse-Combined-Gated-Saliency-CKA",
  "modal": "PET",
  "n_images": 24,
  "timestamp": "20260513_175546",
  "EN": 0.0,
  "VAR": 0.0,
  "AG": 0.0,
  "SF": 0.0,
  "EI": 0.0,
  "MI": 0.0,
  "NCIE": 0.8022194454224701,
  "MI_mutual": 0.0,
  "NABF": 0.0,
  "FMI": 0.5032059230785128,
  "CE": -0.4462723790125014,
  "SSIM": 0.9872936118890266,
  "PSNR": 52.408668648591906,
  "RMSE": 0.37458749839337585,
  "QG": 5.8178524012482824e-05,
  "QM": 0.0011093465897560625,
  "QC": 0.0,
  "QS": 0.0,
  "QCB": 0.0,
  "QCV": 1022.8011407711136,
  "QY": 0.6756870414368178,
  "QMI": 0.0,
  "QSF": 0.9999999999999813,
  "QNCIE": 0.8022194454224701,
  "QTE": 0.0
}