{
  "model": "CDDFuse-Combined-Gated-Saliency-CKA",
  "modal": "CT",
  "n_images": 24,
  "timestamp": "20260513_175440",
  "EN": 0.0,
  "VAR": 0.0,
  "AG": 0.0,
  "SF": 0.0,
  "EI": 0.0,
  "MI": 0.0,
  "NCIE": 0.8027130512011739,
  "MI_mutual": 0.0,
  "NABF": 0.0,
  "FMI": 0.5072039623245913,
  "CE": -0.47193581550601044,
  "SSIM": 0.9044571666688285,
  "PSNR": 52.806299935728,
  "RMSE": 0.3415741810168855,
  "QG": 4.689308097449128e-05,
  "QM": 0.0035877628921615703,
  "QC": 0.0,
  "QS": 0.0,
  "QCB": 0.0,
  "QCV": 1525.8617426299697,
  "QY": 0.5116923835658175,
  "QMI": 0.0,
  "QSF": 0.9999999999999819,
  "QNCIE": 0.8027130512011739,
  "QTE": 0.0
}