{
  "model": "CDDFuse-Combined-Gated-Saliency-CKA",
  "modal": "SPECT",
  "n_images": 24,
  "timestamp": "20260513_175651",
  "EN": 0.0,
  "VAR": 0.0,
  "AG": 0.0,
  "SF": 0.0,
  "EI": 0.0,
  "MI": 0.0,
  "NCIE": 0.8024740013738786,
  "MI_mutual": 0.0,
  "NABF": 0.0,
  "FMI": 0.46543848296029927,
  "CE": -0.4665290909248523,
  "SSIM": 0.8963734335200941,
  "PSNR": 54.17197766770449,
  "RMSE": 0.24972379275983925,
  "QG": 5.1992422850413504e-05,
  "QM": 0.001294383516785811,
  "QC": 0.0,
  "QS": 0.0,
  "QCB": 0.0,
  "QCV": 503.05307895144364,
  "QY": 0.5409730246343779,
  "QMI": 0.0,
  "QSF": 0.9999999999999701,
  "QNCIE": 0.8024740013738786,
  "QTE": 5.6650153644930165e-21
}