{
  "model": "CDDFuse-Combined-Gated-Saliency-CKA",
  "modal": "SPECT",
  "n_images": 24,
  "timestamp": "20260515_170811",
  "EN": 4.793315888609638,
  "VAR": 53.736660949106415,
  "AG": 6.725853270699759,
  "SF": 21.833116413280322,
  "EI": 67.87119280264972,
  "MI": 40.042704264322914,
  "NCIE": 0.8106768877708387,
  "MI_mutual": 2.6702407409789295,
  "NABF": 0.01919735355290058,
  "FMI": 0.6611080178052692,
  "CE": 1.0143645440791353,
  "SSIM": 1.4053326747295702,
  "PSNR": 57.62861589358251,
  "RMSE": 0.11292647274429675,
  "QG": 0.7460946982821305,
  "QM": 0.07709041635119314,
  "QC": 0.615993253390663,
  "QS": 0.5100521410245715,
  "QCB": 0.8421973882184125,
  "QCV": 39.2263155068938,
  "QY": 0.9849548879349509,
  "QMI": 0.9085312256265744,
  "QSF": 0.04709923583456801,
  "QNCIE": 0.8106768877708387,
  "QTE": -11.165948883457615
}