{
  "model": "MM-Net-Fusion",
  "modal": "PET",
  "n_images": 10,
  "timestamp": "20260424_093303",
  "EN": 5.261186029745247,
  "VAR": 80.64382313313918,
  "AG": 10.85067773261564,
  "SF": 34.17862060536173,
  "EI": 108.91881966754832,
  "NCIE": 0.8130334908541788,
  "MI_mutual": 2.820345115736494,
  "NABF": 5.272215454938015e-05,
  "FMI": 0.6533562889241937,
  "CE": 0.9162240606144924,
  "SSIM": 1.4127978334721312,
  "PSNR": 55.846828363828216,
  "RMSE": 0.16946378860588582,
  "QG": 0.797222415390635,
  "QM": 0.03541224095126186,
  "QC": 0.7132196056345734,
  "QS": 0.6160800229039587,
  "QCB": 0.8982977238237305,
  "QCV": 58.263404336990604,
  "QY": 0.9940505458340733,
  "QMI": 0.8896941633425091,
  "QSF": 0.1160684511258454,
  "QNCIE": 0.8130334908541788,
  "QTE": -6.350267651168942
}