{
  "model": "CDDFuse",
  "modal": "CT",
  "n_images": 24,
  "timestamp": "20260423_234239",
  "EN": 4.686877075280939,
  "VAR": 80.77401313397034,
  "AG": 8.75551132521167,
  "SF": 36.53763791816673,
  "EI": 88.05264499002838,
  "MI": 65.71606636047363,
  "NCIE": 0.8071421894714405,
  "MI_mutual": 2.1451334979161008,
  "NABF": 0.01967106852151807,
  "FMI": 0.6711066846367005,
  "CE": 1.5797834978330803,
  "SSIM": 1.479867629409176,
  "PSNR": 55.2235183322878,
  "RMSE": 0.1959192863249625,
  "QG": 0.6140993717512807,
  "QM": 0.008815204680994006,
  "QC": 0.4712873183084656,
  "QS": 0.4003698813447803,
  "QCB": 0.7965370832820424,
  "QCV": 578.4458737275548,
  "QY": 0.9258774229636902,
  "QMI": 0.7776971423783628,
  "QSF": 0.051325617745786555,
  "QNCIE": 0.8071421894714405,
  "QTE": -8.584074686429581
}