{
  "model": "CDDFuse",
  "modal": "SPECT",
  "n_images": 24,
  "timestamp": "20260423_234835",
  "EN": 5.004588447373647,
  "VAR": 60.284758116291584,
  "AG": 6.9577777427410155,
  "SF": 22.283591337606264,
  "EI": 70.35793384285253,
  "MI": 46.760497411092125,
  "NCIE": 0.8145233357874577,
  "MI_mutual": 3.081451671964017,
  "NABF": 0.03298507656551624,
  "FMI": 0.6525684337221476,
  "CE": 1.2001269029317518,
  "SSIM": 1.4318334044787104,
  "PSNR": 58.19675474680622,
  "RMSE": 0.09945422682989112,
  "QG": 0.758469704445443,
  "QM": 0.16776686534250382,
  "QC": 0.6507299092464892,
  "QS": 0.551933833949276,
  "QCB": 0.8802187917105826,
  "QCV": 33.54733910360178,
  "QY": 0.9853823944533534,
  "QMI": 1.0219510813028647,
  "QSF": 0.030636019557062685,
  "QNCIE": 0.8145233357874577,
  "QTE": -10.807423574080715
}