{
  "model": "CDDFuse",
  "modal": "PET",
  "n_images": 24,
  "timestamp": "20260423_234550",
  "EN": 5.615261369241909,
  "VAR": 89.53463114170533,
  "AG": 11.56211284780809,
  "SF": 35.24338021187853,
  "EI": 118.03154645206921,
  "MI": 81.30991554260254,
  "NCIE": 0.8106392162497976,
  "MI_mutual": 2.5504397484101027,
  "NABF": 0.018121092486824295,
  "FMI": 0.6262605273065454,
  "CE": 1.1181770856784976,
  "SSIM": 1.4042626573134696,
  "PSNR": 55.248477548916924,
  "RMSE": 0.19469359170360145,
  "QG": 0.7343875651880878,
  "QM": 0.07398927312662879,
  "QC": 0.6632045369346049,
  "QS": 0.6077985078352538,
  "QCB": 0.8962209609308361,
  "QCV": 53.13294119832568,
  "QY": 0.9564130991315073,
  "QMI": 0.7648744328763429,
  "QSF": 0.0329201656861652,
  "QNCIE": 0.8106392162497976,
  "QTE": -5.291335585132882
}