{
  "model": "GeSeNet",
  "modal": "SPECT",
  "n_images": 24,
  "timestamp": "20260424_005303",
  "EN": 5.476974196626634,
  "VAR": 62.65192210218379,
  "AG": 7.058522435345625,
  "SF": 22.326918508360297,
  "EI": 71.275884191868,
  "MI": 51.88038317362467,
  "NCIE": 0.8081774261896001,
  "MI_mutual": 2.297213561996877,
  "NABF": 0.026446072945667764,
  "FMI": 0.2566331870903557,
  "CE": 5.388102378932385,
  "SSIM": 1.04213534397845,
  "PSNR": 57.549706419920916,
  "RMSE": 0.11510574353560132,
  "QG": 0.7255643475687319,
  "QM": 0.03561507469896568,
  "QC": 0.5775309961377922,
  "QS": 0.5204234432714956,
  "QCB": 0.875515557400015,
  "QCV": 43.20787653150551,
  "QY": 0.7493472736690631,
  "QMI": 0.7223793855463075,
  "QSF": 0.02140839163663034,
  "QNCIE": 0.8081774261896001,
  "QTE": -11.236051614314135
}