{
  "model": "GeSeNet",
  "modal": "CT",
  "n_images": 24,
  "timestamp": "20260424_005032",
  "EN": 5.206197477377935,
  "VAR": 81.47380391594936,
  "AG": 8.765941552371027,
  "SF": 35.659776450555476,
  "EI": 88.33708908971687,
  "MI": 69.76699129740398,
  "NCIE": 0.8067899905491828,
  "MI_mutual": 2.0722549486650386,
  "NABF": 0.017619333237577067,
  "FMI": 0.19559506650509872,
  "CE": 6.1946814184366445,
  "SSIM": 0.966909477020082,
  "PSNR": 55.12562734489919,
  "RMSE": 0.2003978496561741,
  "QG": 0.6291835586016288,
  "QM": 0.008589836905093177,
  "QC": 0.4607234785769334,
  "QS": 0.38202783916563154,
  "QCB": 0.8082770718025202,
  "QCV": 589.1616290316156,
  "QY": 0.6652388293026957,
  "QMI": 0.7079701889841378,
  "QSF": 0.07059648712348882,
  "QNCIE": 0.8067899905491828,
  "QTE": -8.423286413845288
}