{
  "model": "GeSeNet",
  "modal": "PET",
  "n_images": 24,
  "timestamp": "20260424_005147",
  "EN": 6.0480819975285565,
  "VAR": 86.1495052104089,
  "AG": 11.355951228561116,
  "SF": 34.56337663049436,
  "EI": 116.25590424286882,
  "MI": 81.17367553710938,
  "NCIE": 0.8074733586278481,
  "MI_mutual": 2.1191469151878026,
  "NABF": 0.01416060540072063,
  "FMI": 0.2518612664473026,
  "CE": 4.498718086141088,
  "SSIM": 1.0272417835893155,
  "PSNR": 55.22825528584834,
  "RMSE": 0.19563487128200563,
  "QG": 0.737554394893628,
  "QM": 0.01575624232795309,
  "QC": 0.595314389467488,
  "QS": 0.5481834916689293,
  "QCB": 0.8928929231498096,
  "QCV": 71.23331239804222,
  "QY": 0.7554157768419169,
  "QMI": 0.6137962005275174,
  "QSF": 0.04698714536464524,
  "QNCIE": 0.8074733586278481,
  "QTE": -5.635857072983622
}