{
  "model": "MMIF-INet",
  "modal": "PET",
  "n_images": 10,
  "timestamp": "20260424_093917",
  "EN": 5.209211022584018,
  "VAR": 92.62456604730878,
  "AG": 11.933605296003005,
  "SF": 38.97796671178315,
  "EI": 121.3327191576489,
  "NCIE": 0.8070401088487822,
  "MI_mutual": 2.0789351758109755,
  "NABF": 0.011644686212336547,
  "FMI": 0.5981802964069803,
  "CE": 0.908236070161714,
  "SSIM": 1.40897753147617,
  "PSNR": 54.94908772362751,
  "RMSE": 0.20830074693243272,
  "QG": 0.7188181735351893,
  "QM": 0.026176664931439143,
  "QC": 0.6478217227303472,
  "QS": 0.6157275791711276,
  "QCB": 0.8987122942301852,
  "QCV": 62.1255535257507,
  "QY": 0.9431127180050218,
  "QMI": 0.676542608012217,
  "QSF": 0.013887286587708252,
  "QNCIE": 0.8070401088487824,
  "QTE": -7.689109291961387
}