{
  "model": "CDDFuse-PixelSelect-Mean",
  "modal": "PET",
  "n_images": 24,
  "timestamp": "20260503_211931",
  "EN": 5.57193848280446,
  "VAR": 73.22758211619112,
  "AG": 10.187176264547112,
  "SF": 31.60057488426222,
  "EI": 103.71329549994444,
  "MI": 64.15108299255371,
  "NCIE": 0.8107702578763784,
  "MI_mutual": 2.545408190340893,
  "NABF": 0.012250965251687762,
  "FMI": 0.6258115514854206,
  "CE": 1.1987644874170933,
  "SSIM": 1.3815533224001435,
  "PSNR": 55.67932010623995,
  "RMSE": 0.17650680035403446,
  "QG": 0.7238475560433318,
  "QM": 0.006661877055497219,
  "QC": 0.6487804357537791,
  "QS": 0.5826625340407786,
  "QCB": 0.8961937862420727,
  "QCV": 83.99311572598195,
  "QY": 0.9462792523145825,
  "QMI": 0.7654189716810024,
  "QSF": 0.13236922173979684,
  "QNCIE": 0.8107702578763782,
  "QTE": -5.8486231474585635
}