{
  "model": "CDDFuse-PixelSelect-Mean",
  "modal": "SPECT",
  "n_images": 24,
  "timestamp": "20260503_212318",
  "EN": 4.906581156361934,
  "VAR": 48.40844173696781,
  "AG": 5.67400648007203,
  "SF": 18.248995776247707,
  "EI": 57.16869229105282,
  "MI": 37.94655799865723,
  "NCIE": 0.8139957911695698,
  "MI_mutual": 3.023673206195848,
  "NABF": 0.004901371824234352,
  "FMI": 0.6505908820535696,
  "CE": 1.1823569426575904,
  "SSIM": 1.4251274869772323,
  "PSNR": 58.059888044704415,
  "RMSE": 0.1026689722412335,
  "QG": 0.7428665740681172,
  "QM": 0.013073201640509069,
  "QC": 0.6326233237406699,
  "QS": 0.5397950096763132,
  "QCB": 0.8802276174931339,
  "QCV": 46.79042116300631,
  "QY": 0.9623100782988093,
  "QMI": 1.0143221814324885,
  "QSF": 0.20136124855847873,
  "QNCIE": 0.8139957911695697,
  "QTE": -11.379033151439648
}