{
  "model": "CDDFuse-PixelSelect-Mean",
  "modal": "CT",
  "n_images": 24,
  "timestamp": "20260503_211539",
  "EN": 4.642799701922123,
  "VAR": 71.62980091075156,
  "AG": 8.524667969981689,
  "SF": 37.27717357527006,
  "EI": 85.27431256358547,
  "MI": 54.68635622660319,
  "NCIE": 0.8071976154038332,
  "MI_mutual": 2.156581555094217,
  "NABF": 0.020060399968309012,
  "FMI": 0.6709982688713813,
  "CE": 1.5894335208549475,
  "SSIM": 1.4684936946322413,
  "PSNR": 55.50225740337371,
  "RMSE": 0.1836891663235253,
  "QG": 0.611715592169976,
  "QM": 0.004757951460002611,
  "QC": 0.4618657453076873,
  "QS": 0.39390874339172194,
  "QCB": 0.8096933808974208,
  "QCV": 603.7567403138814,
  "QY": 0.9092631666650561,
  "QMI": 0.786569268112035,
  "QSF": 0.033294488269715705,
  "QNCIE": 0.8071976154038333,
  "QTE": -8.308379661314294
}