{
  "model": "NestFuse",
  "modal": "PET",
  "n_images": 24,
  "timestamp": "20260424_033446",
  "EN": 4.045388227314905,
  "VAR": 85.33422285747615,
  "AG": 5.759024168478653,
  "SF": 21.826521500778785,
  "EI": 59.18885176265379,
  "MI": 57.065551122029625,
  "NCIE": 0.8061311884849823,
  "MI_mutual": 1.9931532233590534,
  "NABF": 0.030032989116928286,
  "FMI": 0.5797334778470226,
  "CE": 1.1395815838799648,
  "SSIM": 1.1016681914545046,
  "PSNR": 55.180484389510944,
  "RMSE": 0.19764355703790884,
  "QG": 0.22613018890887604,
  "QM": 0.0014624959521791789,
  "QC": 0.2567408388369503,
  "QS": 0.22461429685810178,
  "QCB": 0.7769589030419918,
  "QCV": 525.9653864756965,
  "QY": 0.6764560090252019,
  "QMI": 0.7462811337981862,
  "QSF": 0.40118904925193394,
  "QNCIE": 0.8061311884849823,
  "QTE": -5.246029295724594
}