{
  "model": "NestFuse",
  "modal": "CT",
  "n_images": 24,
  "timestamp": "20260424_033330",
  "EN": 4.372321530165284,
  "VAR": 68.88812719747592,
  "AG": 7.5392901584500125,
  "SF": 29.032359090263864,
  "EI": 74.94179634244756,
  "MI": 55.103964487711586,
  "NCIE": 0.8061454014166879,
  "MI_mutual": 1.9081353062502406,
  "NABF": 0.03210743249345296,
  "FMI": 0.6745110965080118,
  "CE": 1.2417989257659447,
  "SSIM": 1.3614515301136787,
  "PSNR": 55.42876287415479,
  "RMSE": 0.18723881592432404,
  "QG": 0.37244520963678357,
  "QM": 0.0015533326910418081,
  "QC": 0.3052094185979943,
  "QS": 0.25224240097964173,
  "QCB": 0.727336116670604,
  "QCV": 930.5577502969849,
  "QY": 0.8038670243452243,
  "QMI": 0.7228497056326485,
  "QSF": 0.24327090872696436,
  "QNCIE": 0.8061454014166879,
  "QTE": -7.676715547541939
}