{
  "model": "NestFuse",
  "modal": "SPECT",
  "n_images": 24,
  "timestamp": "20260424_033603",
  "EN": 3.6396151221235513,
  "VAR": 61.00180066210444,
  "AG": 5.029447934386644,
  "SF": 19.522785296064722,
  "EI": 50.85961096639869,
  "MI": 38.484894434611,
  "NCIE": 0.8050205379500245,
  "MI_mutual": 1.6377170483481958,
  "NABF": 0.04544841380775124,
  "FMI": 0.6075675653866176,
  "CE": 1.1433508125739238,
  "SSIM": 1.2738417806888231,
  "PSNR": 57.01009701244097,
  "RMSE": 0.1300028542296348,
  "QG": 0.34271851937614867,
  "QM": 0.0025083549877167603,
  "QC": 0.27424364275062774,
  "QS": 0.24815489168559046,
  "QCB": 0.6589678675220791,
  "QCV": 207.39647164608354,
  "QY": 0.7913352040442825,
  "QMI": 0.6550956012185182,
  "QSF": 0.1465663716747971,
  "QNCIE": 0.8050205379500245,
  "QTE": -10.312018757259063
}