{
  "model": "BSAFusion",
  "modal": "CT",
  "n_images": 24,
  "timestamp": "20260423_233333",
  "EN": 4.648327831673803,
  "MI": 67.39455223083496,
  "VAR": 82.16736787327729,
  "AG": 7.5416489075016395,
  "SF": 28.82190424224973,
  "EI": 77.58918369949028,
  "NCIE": 0.8073092120510199,
  "MI_mutual": 2.1708330583746993,
  "NABF": 0.021327874658790155,
  "FMI": 0.6704851898625003,
  "CE": 1.2142997741375174,
  "SSIM": 1.4481859569033606,
  "PSNR": 54.977886301203235,
  "RMSE": 0.207502166603911,
  "QG": 0.5357472703241163,
  "QM": 0.0071401431043436455,
  "QC": 0.4500176433666945,
  "QS": 0.3616998980635291,
  "QCB": 0.7330913252503682,
  "QCV": 963.0150019797792,
  "QY": 0.9234543355940191,
  "QMI": 0.7883132587751985,
  "QSF": 0.23544458686375222,
  "QNCIE": 0.8073092120510199,
  "QTE": -8.824140214756582
}