{
  "model": "BSAFusion",
  "modal": "PET",
  "n_images": 24,
  "timestamp": "20260423_233512",
  "EN": 6.034526679463824,
  "MI": 86.26987648010254,
  "VAR": 82.7160501473859,
  "AG": 11.29881000609745,
  "SF": 34.4444603571303,
  "EI": 115.37603840930232,
  "NCIE": 0.8102588835367083,
  "MI_mutual": 2.4852860539610693,
  "NABF": 0.011683049284592044,
  "FMI": 0.41605398746352346,
  "CE": 1.265793084760902,
  "SSIM": 1.0791861650807706,
  "PSNR": 55.56658396641885,
  "RMSE": 0.18089084109881073,
  "QG": 0.7627271976277633,
  "QM": 0.16229820556430805,
  "QC": 0.6105007848848062,
  "QS": 0.13439664683297536,
  "QCB": 0.879459131912456,
  "QCV": 45.92561905802639,
  "QY": 0.9520239908488074,
  "QMI": 0.7132333005287004,
  "QSF": 0.047768763047334906,
  "QNCIE": 0.8102588835367083,
  "QTE": -5.614981375649928
}