{
  "model": "BSAFusion",
  "modal": "SPECT",
  "n_images": 24,
  "timestamp": "20260423_233644",
  "EN": 5.502729484955925,
  "MI": 54.93360964457194,
  "VAR": 55.516227186019506,
  "AG": 6.909915348193408,
  "SF": 22.02529389861445,
  "EI": 69.68993445631777,
  "NCIE": 0.8101959198181358,
  "MI_mutual": 2.546085022054866,
  "NABF": 0.02474045874378854,
  "FMI": 0.37005659969446997,
  "CE": 2.3376315833916306,
  "SSIM": 1.0973923340667076,
  "PSNR": 57.90828661161736,
  "RMSE": 0.10588147173061702,
  "QG": 0.7649637122530549,
  "QM": 0.17415595543625875,
  "QC": 0.5805897071303355,
  "QS": 0.4732584929590689,
  "QCB": 0.8665118866297578,
  "QCV": 27.61236614389468,
  "QY": 0.9642566287031987,
  "QMI": 0.8003049981190923,
  "QSF": 0.03008930977142037,
  "QNCIE": 0.8101959198181358,
  "QTE": -11.170551030417764
}