{
  "model": "CDDFuse-FuseRule-CrossAttn",
  "modal": "SPECT",
  "n_images": 24,
  "timestamp": "20260502_215428",
  "EN": 5.134865410499416,
  "VAR": 53.38722688649586,
  "AG": 6.104553196272512,
  "SF": 19.376870996143765,
  "EI": 61.438285693108845,
  "MI": 43.42985534667969,
  "NCIE": 0.8123872291412292,
  "MI_mutual": 2.8496876910420177,
  "NABF": 0.006566763828147527,
  "FMI": 0.6354924525459746,
  "CE": 1.1820977895399416,
  "SSIM": 1.4040986940563547,
  "PSNR": 58.2833007364949,
  "RMSE": 0.0976286202845481,
  "QG": 0.7432309545186383,
  "QM": 0.01720501932625969,
  "QC": 0.6252293616252316,
  "QS": 0.5313038998442557,
  "QCB": 0.8802363438691048,
  "QCV": 38.26654965265595,
  "QY": 0.95661867090464,
  "QMI": 0.9353762766930167,
  "QSF": 0.15235125691866935,
  "QNCIE": 0.8123872291412292,
  "QTE": -10.987692401335416
}