{
  "model": "CDDFuse-FuseRule-CrossAttn",
  "modal": "PET",
  "n_images": 24,
  "timestamp": "20260502_215131",
  "EN": 5.723689054633025,
  "VAR": 77.14389989721549,
  "AG": 10.341701336319373,
  "SF": 31.488457269666373,
  "EI": 104.27827946354603,
  "MI": 70.81596120198567,
  "NCIE": 0.8090015096101041,
  "MI_mutual": 2.330732515252653,
  "NABF": 0.01159805361237047,
  "FMI": 0.6094038912782388,
  "CE": 1.1034480984911699,
  "SSIM": 1.3894186456252802,
  "PSNR": 55.7819610843135,
  "RMSE": 0.17230895379839908,
  "QG": 0.7094022150056031,
  "QM": 0.009192480783288678,
  "QC": 0.6447804976204458,
  "QS": 0.5922155693849823,
  "QCB": 0.896237190000246,
  "QCV": 72.23295482700807,
  "QY": 0.9412372532066833,
  "QMI": 0.693326788345229,
  "QSF": 0.13820736410468412,
  "QNCIE": 0.8090015096101041,
  "QTE": -5.541130888685527
}