{
  "model": "CDDFuse-FuseRule-CrossAttn",
  "modal": "CT",
  "n_images": 24,
  "timestamp": "20260502_214736",
  "EN": 4.668155359661719,
  "VAR": 75.11433327580168,
  "AG": 8.705180216395906,
  "SF": 37.90859084475436,
  "EI": 86.7894868025569,
  "MI": 57.27832158406576,
  "NCIE": 0.807270897441254,
  "MI_mutual": 2.1765361701891663,
  "NABF": 0.024732189648760863,
  "FMI": 0.6664201726795062,
  "CE": 1.6039848560464953,
  "SSIM": 1.4682883130744766,
  "PSNR": 55.327101017672454,
  "RMSE": 0.19120376417989027,
  "QG": 0.6009783679960815,
  "QM": 0.003977214898137997,
  "QC": 0.46940273916964853,
  "QS": 0.39265089464113395,
  "QCB": 0.7953516444419604,
  "QCV": 673.3146391174519,
  "QY": 0.9178640281808536,
  "QMI": 0.7914033140954192,
  "QSF": 0.027984642114631253,
  "QNCIE": 0.807270897441254,
  "QTE": -8.477745958951408
}