{
  "model": "CDDFuse-PixelSelect-Learnable",
  "modal": "CT",
  "n_images": 24,
  "timestamp": "20260504_144713",
  "EN": 4.647995287166873,
  "VAR": 71.85523348274238,
  "AG": 8.565956658186503,
  "SF": 37.45680381983684,
  "EI": 85.6549083469077,
  "MI": 54.71173540751139,
  "NCIE": 0.8072526762843903,
  "MI_mutual": 2.167082613768087,
  "NABF": 0.020620978931040757,
  "FMI": 0.6704602584493212,
  "CE": 1.597816538381047,
  "SSIM": 1.4672315808443386,
  "PSNR": 55.48063579543939,
  "RMSE": 0.1846119740854941,
  "QG": 0.6128291453556023,
  "QM": 0.004761327659556021,
  "QC": 0.46629142544131463,
  "QS": 0.39711876271433216,
  "QCB": 0.8117819758128236,
  "QCV": 611.2108999685753,
  "QY": 0.9102162541289145,
  "QMI": 0.7896740831014268,
  "QSF": 0.029034293878933165,
  "QNCIE": 0.8072526762843903,
  "QTE": -8.308034351988
}