{
  "model": "CDDFuse-PixelSelect-Learnable",
  "modal": "PET",
  "n_images": 24,
  "timestamp": "20260504_145029",
  "EN": 5.555218087400714,
  "VAR": 71.91596980376694,
  "AG": 10.032868678084087,
  "SF": 31.323708079127744,
  "EI": 102.07112834707716,
  "MI": 63.01824124654134,
  "NCIE": 0.8111831048820438,
  "MI_mutual": 2.585875656087044,
  "NABF": 0.009686639381589767,
  "FMI": 0.6267002906778611,
  "CE": 1.23991551474316,
  "SSIM": 1.377251035331856,
  "PSNR": 55.61043828790528,
  "RMSE": 0.1792697041187461,
  "QG": 0.7294976186105017,
  "QM": 0.006673124463607867,
  "QC": 0.6521706567420946,
  "QS": 0.5766183394924026,
  "QCB": 0.8961953725559836,
  "QCV": 85.02371224445561,
  "QY": 0.9518593881919605,
  "QMI": 0.7776804576080449,
  "QSF": 0.14014134425540714,
  "QNCIE": 0.8111831048820438,
  "QTE": -6.027950899415963
}