{
  "model": "CDDFuse-PixelSelect-Learnable",
  "modal": "SPECT",
  "n_images": 24,
  "timestamp": "20260504_145423",
  "EN": 4.9058299745954255,
  "VAR": 48.47353740707687,
  "AG": 5.681157316767318,
  "SF": 18.263854689101073,
  "EI": 57.23834198380638,
  "MI": 38.019447326660156,
  "NCIE": 0.8140883361657775,
  "MI_mutual": 3.0330236158099866,
  "NABF": 0.004918300244839322,
  "FMI": 0.6507259416785461,
  "CE": 1.185082295553751,
  "SSIM": 1.4243402864639043,
  "PSNR": 58.0630884708901,
  "RMSE": 0.1026203600809729,
  "QG": 0.7430397794208897,
  "QM": 0.013156246355113884,
  "QC": 0.6320773657672429,
  "QS": 0.5389881906610475,
  "QCB": 0.8802204371077931,
  "QCV": 46.64036782668895,
  "QY": 0.962167190829478,
  "QMI": 1.0174759753504268,
  "QSF": 0.20066784089052705,
  "QNCIE": 0.8140883361657775,
  "QTE": -11.480360537295946
}