{
  "model": "ITFuse",
  "modal": "PET",
  "n_images": 24,
  "timestamp": "20260424_005516",
  "EN": 5.70371921751011,
  "VAR": 59.945501066949625,
  "AG": 4.464193186421978,
  "SF": 11.541563682277314,
  "EI": 48.17035779675805,
  "MI": 72.98430506388347,
  "NCIE": 0.8060299054927474,
  "MI_mutual": 1.9327247026493726,
  "NABF": 0.0008060512329714917,
  "FMI": 0.21307439545850784,
  "CE": 0.3904962685536551,
  "SSIM": 0.5513997815197392,
  "PSNR": 55.62531834715878,
  "RMSE": 0.17855456671799708,
  "QG": 0.1819915944042969,
  "QM": 0.001176299276685334,
  "QC": 0.37893175415394387,
  "QS": 0.35685772361967855,
  "QCB": 0.8705805148849773,
  "QCV": 447.74218483155937,
  "QY": 0.40043557657413453,
  "QMI": 0.5909547511844736,
  "QSF": 0.6751926957297195,
  "QNCIE": 0.8060299054927474,
  "QTE": -3.540415771500425
}