{
  "model": "ITFuse",
  "modal": "CT",
  "n_images": 24,
  "timestamp": "20260424_005411",
  "EN": 4.792113026883807,
  "VAR": 55.783026062445145,
  "AG": 3.3375427364049166,
  "SF": 10.900856235216674,
  "EI": 35.85800559245454,
  "MI": 69.51351737976074,
  "NCIE": 0.8061247408585762,
  "MI_mutual": 1.9054254363076568,
  "NABF": 0.0012537995248571127,
  "FMI": 0.17426007527022577,
  "CE": 0.8844649838559026,
  "SSIM": 0.5406380754410985,
  "PSNR": 55.666992255339515,
  "RMSE": 0.17692865439729022,
  "QG": 0.16111730765651014,
  "QM": 0.001089336048988459,
  "QC": 0.29740962210733907,
  "QS": 0.259299310344381,
  "QCB": 0.7795313367492952,
  "QCV": 840.5611725295835,
  "QY": 0.33971744179398106,
  "QMI": 0.6844965643326724,
  "QSF": 0.7040979708702583,
  "QNCIE": 0.8061247408585762,
  "QTE": -6.364375130069135
}