{
  "model": "ITFuse",
  "modal": "SPECT",
  "n_images": 24,
  "timestamp": "20260424_005621",
  "EN": 4.871006461909663,
  "VAR": 43.57907000016417,
  "AG": 2.688017716478898,
  "SF": 7.548263421427564,
  "EI": 28.81428055193794,
  "MI": 55.68094952901205,
  "NCIE": 0.8062209493694418,
  "MI_mutual": 1.9719713858028012,
  "NABF": 0.0009777569637953196,
  "FMI": 0.2042766502119082,
  "CE": 0.5938173273169821,
  "SSIM": 0.6052208783803733,
  "PSNR": 57.49835296900269,
  "RMSE": 0.11619251669930179,
  "QG": 0.17181054150228228,
  "QM": 0.001460672798756041,
  "QC": 0.33364538996431925,
  "QS": 0.3110092132886035,
  "QCB": 0.8328696215360757,
  "QCV": 216.41553538078531,
  "QY": 0.38070925944622697,
  "QMI": 0.6714566545517578,
  "QSF": 0.6617665195343359,
  "QNCIE": 0.8062209493694418,
  "QTE": -6.310459000121637
}