{
  "model": "PSFusion",
  "modal": "CT",
  "n_images": 10,
  "timestamp": "20260424_094641",
  "EN": 5.502611112249598,
  "VAR": 79.35375102808793,
  "AG": 8.32402727299265,
  "SF": 32.17428994748151,
  "EI": 84.47942765233024,
  "NCIE": 0.8060709977088809,
  "MI_mutual": 1.9132897493799597,
  "NABF": 0.008043602485805023,
  "FMI": 0.19580821195425002,
  "CE": 7.556819233941613,
  "SSIM": 0.7404021840267061,
  "PSNR": 55.22279391834254,
  "RMSE": 0.19614934015887092,
  "QG": 0.6453479795000182,
  "QM": 0.004153561135481685,
  "QC": 0.44064920345268616,
  "QS": 0.3904150908043927,
  "QCB": 0.7850093780114946,
  "QCV": 538.55013828393,
  "QY": 0.5284224073422131,
  "QMI": 0.6392929282825474,
  "QSF": 0.17716898783378085,
  "QNCIE": 0.8060709977088809,
  "QTE": -8.332379753937335
}