{
  "model": "CDDFuse-FuseRule-Gated",
  "modal": "CT",
  "n_images": 24,
  "timestamp": "20260502_081552",
  "EN": 4.674392638190938,
  "VAR": 74.99617599809244,
  "AG": 8.628519738218023,
  "SF": 37.192054090736626,
  "EI": 86.50015136393513,
  "MI": 57.389227549235024,
  "NCIE": 0.8072567439169805,
  "MI_mutual": 2.1744430718213628,
  "NABF": 0.023232450828328807,
  "FMI": 0.6687720875382789,
  "CE": 1.5961128009839218,
  "SSIM": 1.4726608066587723,
  "PSNR": 55.35365495247961,
  "RMSE": 0.19009341965885498,
  "QG": 0.6101858617131316,
  "QM": 0.0042679799953475595,
  "QC": 0.4675950330241949,
  "QS": 0.3919497030231655,
  "QCB": 0.79520520813156,
  "QCV": 644.0056497262482,
  "QY": 0.9188458702415881,
  "QMI": 0.7900788202760949,
  "QSF": 0.03418842928002258,
  "QNCIE": 0.8072567439169805,
  "QTE": -8.385431413843962
}