{
  "model": "CDDFuse-FuseRule-Gated",
  "modal": "PET",
  "n_images": 24,
  "timestamp": "20260502_081921",
  "EN": 5.707590422402208,
  "VAR": 77.0922240014724,
  "AG": 10.342368273061401,
  "SF": 31.726359909741646,
  "EI": 105.01390225637216,
  "MI": 69.07808876037598,
  "NCIE": 0.8093839413176642,
  "MI_mutual": 2.3857972043479143,
  "NABF": 0.010272250061803401,
  "FMI": 0.6110215615732656,
  "CE": 1.1362973503875076,
  "SSIM": 1.3976246115659372,
  "PSNR": 55.81510303271647,
  "RMSE": 0.17101356240210255,
  "QG": 0.7204412364437595,
  "QM": 0.010785601257036129,
  "QC": 0.6490482229579096,
  "QS": 0.5967584797270642,
  "QCB": 0.8962663960013167,
  "QCV": 63.468239533017936,
  "QY": 0.9448841995107856,
  "QMI": 0.7104428590987664,
  "QSF": 0.1291899330744902,
  "QNCIE": 0.8093839413176642,
  "QTE": -5.514673583083764
}