{
  "model": "CDDFuse-FuseRule-Gated",
  "modal": "SPECT",
  "n_images": 24,
  "timestamp": "20260502_082316",
  "EN": 5.0789683068534375,
  "VAR": 50.73348277303754,
  "AG": 5.988199104722049,
  "SF": 19.240613677649215,
  "EI": 60.317651288065974,
  "MI": 40.0196107228597,
  "NCIE": 0.8122716368634068,
  "MI_mutual": 2.848604050100857,
  "NABF": 0.004542346219875402,
  "FMI": 0.6328932727464854,
  "CE": 1.2003907165055285,
  "SSIM": 1.4170935404782794,
  "PSNR": 58.17279051523042,
  "RMSE": 0.10010607753879368,
  "QG": 0.7465599745330186,
  "QM": 0.01959770902370413,
  "QC": 0.6271939677094873,
  "QS": 0.5342091961599731,
  "QCB": 0.8802350314716945,
  "QCV": 38.240276449434496,
  "QY": 0.961277509928093,
  "QMI": 0.9406571061623209,
  "QSF": 0.15853997517175153,
  "QNCIE": 0.8122716368634068,
  "QTE": -11.23593846281698
}